git,NUMBER_OF_NODES,TASKS_PER_NODE,THREADS_PER_TASK,SCALE,NUM_VPS,hash,num_tasks,T_nrns,T_conns_avg,T_conns_min,T_conns_max,T_conns_sum,T_ini_min,T_ini_max,T_sim,VSize_nodes_sum,VSize_mem_sum,VSize_ini_sum,VSize_sum,N_spks_sum,N_nrns,N_conns_sum
GIT: (master@d4d1b3f59),1,6,6,0.0625,36,acd429db3b9ab17b5f5391184e500dc6,6,0.84,173.331666667,173.3,173.35,1039.99,10.56,10.57,44.82,5080992,27199392,27869088,27869088,741970,77169,353503570
GIT: (master@d4d1b3f59),2,6,6,0.125,72,acd429db3b9ab17b5f5391184e500dc6,12,1.34,181.643333333,181.61,181.66,2179.72,11.7,11.72,54.87,10896116,55427828,57420532,57420532,1731795,154338,707098767
GIT: (master@d4d1b3f59),4,6,6,0.25,144,acd429db3b9ab17b5f5391184e500dc6,24,2.29,222.249583333,221.65,222.33,5333.99,11.64,11.68,75.29,23859604,117297556,125327764,125327764,3861825,308676,1414173402
GIT: (master@d4d1b3f59),8,6,6,0.5,288,acd429db3b9ab17b5f5391184e500dc6,48,4.14,319.887291667,319.68,319.96,15354.59,12.19,12.26,158.0,57946284,217930444,246401460,246401460,8005059,617352,2828496787
GIT: (master@d4d1b3f59),16,6,6,1.0,576,acd429db3b9ab17b5f5391184e500dc6,96,8.44,527.326979167,526.47,527.55,50623.39,14.98,15.12,315.99,156410916,448522340,561421876,561421876,15921630,1234704,5656975771
GIT: (master@d4d1b3f59),32,6,6,2.0,1152,acd429db3b9ab17b5f5391184e500dc6,192,21.33,954.812708333,953.87,955.57,183324.04,18.47,18.79,693.18,471545748,1059639316,1530454964,1530454964,32378440,2469408,11314024135

