git,NUMBER_OF_NODES,TASKS_PER_NODE,THREADS_PER_TASK,SCALE,NUM_VPS,hash,num_tasks,T_nrns,T_conns_avg,T_conns_min,T_conns_max,T_conns_sum,T_ini_min,T_ini_max,T_sim,VSize_nodes_sum,VSize_mem_sum,VSize_ini_sum,VSize_sum,N_spks_sum,N_nrns,N_conns_sum
GIT: (colocate_syn@6885724bb),1,6,6,0.0625,36,acd429db3b9ab17b5f5391184e500dc6,6,0.8,182.573333333,182.55,182.58,1095.44,12.1,12.1,44.39,5081280,27199680,27992256,27992256,741970,77169,353503570
GIT: (colocate_syn@6885724bb),2,6,6,0.125,72,acd429db3b9ab17b5f5391184e500dc6,12,1.33,188.811666667,188.64,188.85,2265.74,12.32,12.34,52.22,10896692,55428404,57656628,57656628,1731795,154338,707098767
GIT: (colocate_syn@6885724bb),4,6,6,0.25,144,acd429db3b9ab17b5f5391184e500dc6,24,2.24,228.255416667,228.09,228.29,5478.13,13.04,13.07,88.46,23860756,117298708,125398548,125398548,3861825,308676,1414173402
GIT: (colocate_syn@6885724bb),8,6,6,0.5,288,acd429db3b9ab17b5f5391184e500dc6,48,4.11,326.788125,326.7,326.84,15685.83,14.85,14.89,176.73,57948588,217932748,247538356,247538356,8005059,617352,2828496787
GIT: (colocate_syn@6885724bb),16,6,6,1.0,576,acd429db3b9ab17b5f5391184e500dc6,96,8.41,528.063020833,527.84,528.18,50694.05,17.56,17.64,330.28,156415524,448508516,558962740,558962740,15921630,1234704,5656975771
GIT: (colocate_syn@6885724bb),32,6,6,2.0,1152,acd429db3b9ab17b5f5391184e500dc6,192,21.82,954.254947917,953.75,955.15,183216.95,20.48,20.59,674.81,471554964,1059501076,1518548916,1518548916,32378440,2469408,11314024135

