git,NUMBER_OF_NODES,TASKS_PER_NODE,THREADS_PER_TASK,SCALE,NUM_VPS,num_tasks,T_nrns,T_conns_min,T_conns_max,T_conns_sum,T_ini_min,T_ini_max,VSize_nodes_sum,VSize_mem_sum,VSize_ini_sum,VSize_sum,N_nrns,N_conns_sum,d_min,d_max
GIT: (NEST syn_colocate@e782bff22),1,6,6,4,36,6,0.0297195911407,46.6348996162,56.6604013443,291.064446449,47.4110970497,57.4368326664,9658848,82108896,82504384,,200000,1600000000,1.0,5.0
GIT: (NEST syn_colocate@e782bff22),2,6,6,8,72,12,0.0346705913544,67.4483587742,79.944573164,836.03935647,62.7820761204,75.2777605057,19437428,193312628,199608648,,400000,3999990600,1.0,5.0
GIT: (NEST syn_colocate@e782bff22),4,6,6,16,144,24,0.0466768741608,84.8729097843,97.9477934837,2097.72833729,62.9932024479,76.0695021152,38877844,386628244,420519472,,800000,8000025600,1.0,5.0
GIT: (NEST syn_colocate@e782bff22),8,6,6,32,288,48,0.263429641724,120.850656748,135.094292879,5934.7180171,63.3073749542,77.5618393421,77759148,773259948,796757876,,1600000,16000117000,1.0,5.0
GIT: (NEST syn_colocate@e782bff22),16,6,6,64,576,96,0.195774078369,194.748233557,209.193217039,18952.6591327,65.7875020504,80.2006313801,155732004,1546758180,1593754036,,3200000,31999997000,1.0,5.0
GIT: (NEST syn_colocate@e782bff22),32,6,6,128,1152,192,0.234375238419,338.820678949,356.678159237,65755.895808,69.7401275635,87.6315312386,312360852,3094462356,3642962612,,6400000,63999947200,1.0,5.0

