git,NUMBER_OF_NODES,TASKS_PER_NODE,THREADS_PER_TASK,SCALE,NUM_VPS,num_tasks,T_nrns,T_conns_min,T_conns_max,T_conns_sum,T_ini_min,T_ini_max,VSize_nodes_sum,VSize_mem_sum,VSize_ini_sum,VSize_sum,N_nrns,N_conns_sum,d_min,d_max
GIT: (NEST colocate_syn@00d9de0d5),1,6,6,4,36,6,0.0293731689453,32.6871392727,38.5938270092,202.426123619,48.4766275883,54.3834528923,9661512,82111560,82507064,,200000,1600000000,1.0,5.0
GIT: (NEST colocate_syn@00d9de0d5),2,6,6,8,72,12,0.0352168083191,43.5043520927,50.7272686958,536.879703283,63.5791978836,70.8023920059,19441220,193316420,199612440,,400000,3999996200,1.0,5.0
GIT: (NEST colocate_syn@00d9de0d5),4,6,6,16,144,24,0.0714359283447,48.321700573,55.5930931568,1192.53639722,63.412907362,70.6883637905,38882356,386632756,420523996,,800000,8000001800,1.0,5.0
GIT: (NEST colocate_syn@00d9de0d5),8,6,6,32,288,48,0.0716555118561,58.9994018078,66.3535289764,2896.11286902,64.0032598972,71.3665444851,77768172,773268972,796766900,,1600000,15999975600,1.0,5.0
GIT: (NEST colocate_syn@00d9de0d5),16,6,6,64,576,96,0.146844387054,79.1837358475,86.7712645531,7735.49047422,65.0320196152,72.6569530964,155750052,1546776228,1593772084,,3200000,32000052600,1.0,5.0
GIT: (NEST colocate_syn@00d9de0d5),32,6,6,128,1152,192,0.221869468689,120.382534266,128.705039978,23432.1588647,69.4111502171,77.7689776421,312396948,3094498452,3259088820,,6400000,63999823200,1.0,5.0

