git,NUMBER_OF_NODES,TASKS_PER_NODE,THREADS_PER_TASK,SCALE,PLASTIC,RULE,NUM_VPS,num_tasks,T_nrns,T_conns_min,T_conns_max,T_conns_sum,T_ini_min,T_ini_max,VSize_nodes_sum,VSize_mem_sum,VSize_ini_sum,VSize_sum,N_nrns,N_conns_sum,d_min,d_max
,1,6,6,10,,,,6,,,,,,,,,,,,,,
GIT: (NEST syn_colocate@e782bff22),2,6,6,10,,,,12,0.359311819077,317.510884047,318.522556067,3818.47511244,79.2205593586,80.2345733643,19733364,252491636,263556668,,500000,5000025800,1.0,5.0
GIT: (NEST syn_colocate@e782bff22),4,6,6,10,,,,24,0.276130437851,155.453607798,155.810104132,3732.42172909,39.4890301228,39.8289752007,38386324,255883924,272905844,,500000,4999957400,1.0,5.0
GIT: (NEST syn_colocate@e782bff22),8,6,6,10,,,,48,0.2906062603,88.7491292953,88.9941923618,4263.74259472,20.5565464497,20.7350566387,75915948,291865940,324798068,,500000,5000014600,1.0,5.0
GIT: (NEST syn_colocate@e782bff22),16,6,6,10,,,,96,0.298945426941,55.3474485874,55.5787763596,5325.12784171,11.8021323681,11.9008922577,150571044,362392948,443195316,,500000,4999985200,1.0,5.0
GIT: (NEST syn_colocate@e782bff22),32,6,6,10,,,,192,0.250904321671,41.1068544388,41.4681589603,7935.03140974,8.41418910027,8.47701668739,301989780,595425716,744163764,,500000,4999987600,1.0,5.0
GIT: (NEST syn_colocate@e782bff22),64,6,6,10,,,,384,0.542782783508,33.1269066334,33.2826898098,12740.0938032,4.6138253212,4.6602101326,606575988,908990900,1117540020,,500000,5000016600,1.0,5.0
GIT: (NEST syn_colocate@e782bff22),128,6,6,10,,,,768,0.285930395126,31.3767874241,31.6957087517,24252.2457438,2.531873703,2.56975769997,1197978420,1551408052,1928291764,,500000,5000082600,1.0,5.0

