git,NUMBER_OF_NODES,TASKS_PER_NODE,THREADS_PER_TASK,SCALE,NUM_VPS,num_tasks,T_nrns,T_conns_min,T_conns_max,T_conns_sum,T_ini_min,T_ini_max,VSize_nodes_sum,VSize_mem_sum,VSize_ini_sum,VSize_sum,N_nrns,N_conns_sum,d_min,d_max
GIT: (NEST master@d4d1b3f59),1,6,6,4,36,6,0.143630027771,37.7533683777,39.5101120472,228.661425114,46.9329185486,48.6895229816,10076904,82588392,82983892,,200000,1600000000,1.0,5.0
GIT: (NEST master@d4d1b3f59),2,6,6,8,72,12,0.237897396088,56.6074330807,58.8725152016,684.505803585,59.6978731155,61.9649896622,20273540,194274692,200570708,,400000,4000005800,1.0,5.0
GIT: (NEST master@d4d1b3f59),4,6,6,16,144,24,4.17091321945,74.4315364361,77.3722012043,1798.91051722,60.3650522232,63.3097953796,40557748,388553908,420610140,,800000,8000031600,1.0,5.0
GIT: (NEST master@d4d1b3f59),8,6,6,32,288,48,2.06933951378,110.337347031,114.462894917,5338.56471801,62.1771814823,66.3114950657,81115884,777108204,800606132,,1600000,16000052800,1.0,5.0
GIT: (NEST master@d4d1b3f59),16,6,6,64,576,96,5.32874464989,183.939633369,192.353355408,17791.5888126,63.8428070545,72.2805793285,162447012,1554454692,1601450548,,3200000,32000037000,1.0,5.0
GIT: (NEST master@d4d1b3f59),32,6,6,128,1152,192,0.913120269775,329.092308283,347.397273779,63701.913439,67.5031561852,85.8656125069,325787796,3109855380,3680375732,,6400000,64000007800,1.0,5.0

