git,NUMBER_OF_NODES,TASKS_PER_NODE,THREADS_PER_TASK,num_tasks,NUM_VPS,SCALE,PLASTIC,T_nrns,T_conns_min,T_conns_max,T_conns_sum,T_ini_min,T_ini_max,T_equ,T_sim,VSize_nodes_sum,VSize_mem_sum,VSize_ini_sum,VSize_sum,N_spks_sum,Rate_sum,N_nrns,N_conns_sum,d_min,d_max
GIT: (NEST version_220@37722d5e3),1,6,6,6,,,,0.394197463989,3.36920881271,3.53267264366,20.4764041901,0.344653367996,0.483857154846,,1.44221663475,6075216,6612816,8162760,8468936,624992,,35210,4466204,1.0,8.5
GIT: (NEST version_220@37722d5e3),2,6,6,12,,,,0.317140579224,2.42493748665,2.58795070648,29.731749773,0.328508138657,0.476957082748,,0.866928339005,12171860,13093460,15723844,16340292,626249,,35210,4469103,1.0,8.5
GIT: (NEST version_220@37722d5e3),4,6,6,24,,,,0.407891750336,1.86376166344,2.24955487251,50.5627462864,0.278032064438,0.417875051498,,0.61362361908,24248404,26189908,30583348,31615540,618087,,35210,4469276,1.0,8.5
GIT: (NEST version_220@37722d5e3),8,6,6,48,,,,0.429011821747,1.67214345932,2.00441622734,90.0881757736,0.188322544098,0.347239971161,,0.398614406586,48746028,49827916,54863092,56401140,625124,,35210,4467464,1.0,8.5
GIT: (NEST version_220@37722d5e3),16,6,6,96,,,,0.412264108658,1.58909416199,1.99632287025,178.585048914,0.149608612061,0.311092615128,,0.357491970062,97705764,100066148,101675700,102272692,619308,,35210,4468752,1.0,8.5
GIT: (NEST version_220@37722d5e3),32,6,6,192,,,,0.407110452652,3.32975530624,4.86066794395,906.809929132,0.11674618721,0.27121424675,,0.308830022812,196259220,200979988,203028660,203948212,621272,,35210,4470246,1.0,8.5
GIT: (NEST version_220@37722d5e3),64,6,6,384,,,,0.444918632507,1.56068706512,1.87193369865,668.537953138,0.129887342453,0.298543691635,,0.286875009537,395114868,404945268,417788852,419601332,622453,,35210,4465163,1.0,8.5
GIT: (NEST version_220@37722d5e3),128,6,6,768,,,,0.561125278473,3.6777741909,5.52076387405,4116.44877529,0.185456037521,0.377304553986,,0.325538158417,784886580,804547380,834607028,835952564,626267,,35210,4465242,1.0,8.5

