git,NUMBER_OF_NODES,TASKS_PER_NODE,THREADS_PER_TASK,num_tasks,NUM_VPS,SCALE,PLASTIC,T_nrns,T_conns_min,T_conns_max,T_conns_sum,T_ini_min,T_ini_max,T_equ,T_sim,VSize_nodes_sum,VSize_mem_sum,VSize_ini_sum,VSize_sum,N_spks_sum,Rate_sum,N_nrns,N_conns_sum,d_min,d_max
GIT: (NEST master@0a6bac389),1,6,6,6,,,,0.105129480362,0.533419847488,0.567695856094,3.2419052124,0.439134120941,0.573410511017,,1.34506750107,10288128,10675200,11987064,12257400,432129,,35206,4812059,1.0,8.5
GIT: (NEST master@0a6bac389),2,6,6,12,,,,0.0320558547974,0.323249816895,0.351957798004,3.99574542046,0.495574474335,0.69380068779,,0.79384469986,20794292,21162932,23926948,24367268,432356,,35206,4815242,1.0,8.5
GIT: (NEST master@0a6bac389),4,6,6,24,,,,0.40237569809,0.217794895172,0.273306369781,5.52224111557,0.429734945297,2.16008210182,,0.59135556221,41591572,41837332,46537972,47465716,427841,,35206,4814355,1.0,8.5
GIT: (NEST master@0a6bac389),8,6,6,48,,,,0.0808010101318,0.17071890831,0.188129901886,8.44110178947,0.335960626602,0.658573150635,,0.46008515358,83186604,83186604,89162868,90225780,433739,,35206,4814739,1.0,8.5
GIT: (NEST master@0a6bac389),16,6,6,96,,,,0.0279083251953,0.131993770599,0.157301187515,14.0310313702,0.222553491592,3.41050243378,,0.450733184814,166586916,166586916,171732916,172375988,427323,,35206,4814297,1.0,8.5
GIT: (NEST master@0a6bac389),32,6,6,192,,,,0.112372875214,0.12517619133,0.146958351135,26.0912601948,0.17131114006,3.66157007217,,0.368193149567,334021524,334021524,336944820,337839796,428568,,35206,4815889,1.0,8.5
GIT: (NEST master@0a6bac389),64,6,6,384,,,,0.0241591930389,0.113852739334,0.875524044037,49.8056166172,0.277250289917,8.92814207077,,0.364979982376,670639476,670639476,684878772,687629236,437311,,35206,4813420,1.0,8.5
GIT: (NEST master@0a6bac389),128,6,6,768,,,,0.150030851364,0.108187198639,5.47223210335,107.468116999,0.465883016586,17.8262476921,,0.740312814713,1335935796,1335935796,1374603188,1375807412,437491,,35206,4810460,1.0,8.5

