git,NUMBER_OF_NODES,TASKS_PER_NODE,THREADS_PER_TASK,num_tasks,NUM_VPS,SCALE,PLASTIC,T_nrns,T_conns_min,T_conns_max,T_conns_sum,T_ini_min,T_ini_max,T_equ,T_sim,VSize_nodes_sum,VSize_mem_sum,VSize_ini_sum,VSize_sum,N_spks_sum,Rate_sum,N_nrns,N_conns_sum,d_min,d_max
GIT: (master@f1c0bcf43),1,6,6,6,,,,0.04303908348083496,0.5397927761077881,0.5767114162445068,3.282177209854126,0.3741037845611572,0.41048192977905273,,1.3331427574157715,10405752,10682232,12196848,12437488,432129,,35206,4812059,1.0,8.5
GIT: (master@f1c0bcf43),2,6,6,12,,,,0.038988590240478516,0.3410522937774658,0.5309717655181885,4.357161521911621,0.41820621490478516,0.617793083190918,,0.7943882942199707,20931236,21176996,23778196,24302484,432356,,35206,4815242,1.0,8.5
GIT: (master@f1c0bcf43),4,6,6,24,,,,0.0370333194732666,0.23546791076660156,0.34007716178894043,5.875440835952759,0.3350534439086914,0.46625757217407227,,0.5626652240753174,41865460,41865460,46568148,47512276,427841,,35206,4814355,1.0,8.5
,8,6,6,48,,,,,,,,,,,,,,,,,,,,,
,16,6,6,96,,,,,,,,,,,,,,,,,,,,,
GIT: (master@f1c0bcf43),32,6,6,192,,,,0.03250455856323242,0.11403298377990723,0.2613680362701416,27.926673889160156,0.1900463104248047,0.8765621185302734,,0.45061564445495605,336212628,336212628,338416052,339346868,428568,,35206,4815889,1.0,8.5
GIT: (master@f1c0bcf43),64,6,6,384,,,,0.030106544494628906,0.09925198554992676,0.27141284942626953,52.3555383682251,0.22539949417114258,1.9408841133117676,,0.5606787204742432,670303092,670303092,684333492,686895540,437311,,35206,4813420,1.0,8.5
GIT: (master@f1c0bcf43),128,6,6,768,,,,0.029031991958618164,0.0952444076538086,0.2687852382659912,103.9469940662384,0.3583545684814453,12.28286600112915,,0.5812418460845947,1335398196,1335398196,1374677940,1375882164,437491,,35206,4810460,1.0,8.5

