NUMBER_OF_NODES,TASKS_PER_NODE,THREADS_PER_TASK,NUM_VPS,SCALE,PLASTIC,T_nrns,T_conns_min,T_conns_max,T_ini_min,T_ini_max,T_equ,T_sim,VSize_mem_sum,VSize_sum,N_spks_sum,Rate_sum,N_nrns,N_conns_sum,d_min,d_max
32,1,1,,51,true,0.14,54.76,56.12,36.63,38.0,15.11,227.84,266375096,266375096,4001525,6.954000000000001,576000,6480577000,1.5,1.5
32,1,3,,51,true,0.4,31.98,33.77,23.89,25.62,8.19,110.5,282988728,282988728,4015778,6.702,576000,6480577000,1.5,1.5
32,1,6,,51,true,0.39,23.88,25.51,21.33,22.98,4.15,56.75,282923576,308089400,3996761,6.783000000000001,576000,6480577000,1.5,1.5
32,1,9,,51,true,0.2,17.95,19.3,18.7,20.07,5.77,57.76,297571256,323562424,4013176,6.825,576000,6480577000,1.5,1.5
32,1,18,,51,true,0.37,14.02,15.67,15.6,17.29,1.85,25.13,297441336,318380088,4006332,7.069999999999999,576000,6480577000,1.5,1.5
32,1,36,,51,true,0.43,11.99,12.57,16.6,17.22,1.5,16.32,293847736,369738424,3993815,6.918000000000001,576000,6480577000,1.5,1.5

