git,NUMBER_OF_NODES,TASKS_PER_NODE,THREADS_PER_TASK,SCALE,PLASTIC,RULE,NUM_VPS,num_tasks,T_nrns,T_conns_min,T_conns_max,T_conns_sum,T_ini_min,T_ini_max,T_equ,T_sim,VSize_nodes_sum,VSize_mem_sum,VSize_ini_sum,VSize_sum,N_spks_sum,Rate_sum,N_nrns,N_conns_sum,d_min,d_max
GIT: (heads/v2.20.0@37722d5e3),1,6,6,5,true,out,36,6,0.42,64.47,65.21,389.21,7.86,8.57,2.19,30.86,1655304,28867080,29051520,29850240,448503,7.962,56250,632869750,1.5,1.5
GIT: (heads/v2.20.0@37722d5e3),2,6,6,10,true,out,72,12,0.36,110.06,111.32,1329.12,8.75,9.8,2.2,30.56,3430340,57853892,58591412,59543732,847514,7.14,112500,1265738500,1.5,1.5
GIT: (heads/v2.20.0@37722d5e3),4,6,6,20,true,out,144,24,0.42,200.2,203.72,4836.879999999999,9.68,13.45,2.33,31.21,6863668,115710772,119545108,121173268,1632765,7.24,225000,2531476000,1.5,1.5
GIT: (heads/v2.20.0@37722d5e3),8,6,6,40,true,out,288,48,0.45,378.6,385.65,18313.620000000003,12.13,19.21,2.67,32.96,13802476,231425004,254609588,258726068,3185075,7.1000000000000005,450000,5062951000,1.5,1.5
GIT: (heads/v2.20.0@37722d5e3),16,6,6,80,true,out,576,96,0.57,736.91,749.76,71272.33999999997,16.75,29.61,3.23,38.06,28658340,463063716,576807988,607085620,6331349,6.987999999999999,900000,10125901000,1.5,1.5
GIT: (heads/v2.20.0@37722d5e3),32,6,6,160,true,out,1152,192,0.83,1450.12,1495.68,280891.6400000001,20.37,65.94,4.27,100.32,58164372,926975124,1141422004,1180481460,12591271,6.660999999999995,1800000,20251801000,1.5,1.5

