NUMBER_OF_NODES,TASKS_PER_NODE,THREADS_PER_TASK,num_tasks,NUM_VPS,SCALE,PLASTIC,T_nrns,T_conns_min,T_conns_max,T_conns_sum,T_ini_min,T_ini_max,T_equ,T_sim,VSize_nodes_sum,VSize_mem_sum,VSize_ini_sum,VSize_sum,N_spks_sum,Rate_sum,N_nrns,N_conns_sum,d_min,d_max
1,6,6,6,36,20,true,0.38,54.87,63.17,342.04,43.81,52.19,13.4,200.1,1933296,105487344,106255464,106378344,1608648,7.047000000000001,225000,2531476000,1.5,1.5
2,6,6,12,72,40,true,0.33,54.85,60.24,676.41,45.6,50.99,13.6,200.28,4035472,211143568,213466240,213466240,3135174,6.96,450000,5062951000,1.5,1.5
4,6,6,24,144,80,true,0.38,55.11,65.26,1375.7399999999998,46.82,56.96,14.45,208.25,8073928,422290120,438774952,438774952,6275303,6.866000000000001,900000,10125901000,1.5,1.5
8,6,6,48,288,160,true,0.5,53.63,62.06,2710.0899999999997,49.08,57.51,15.48,214.83,16151312,844583696,879214552,879214552,12512534,6.850999999999999,1800000,20251801000,1.5,1.5
16,6,6,96,576,320,true,0.43,52.7,65.26,5453.7,59.66,72.22,17.15,232.99,32516328,1689381096,1828962936,1828962936,24899992,6.8050000000000015,3600000,40503601000,1.5,1.5
32,6,6,192,1152,640,true,0.46,52.56,64.71,10755.95,79.56,91.74,20.11,267.95,66076952,3379609880,4082431032,4082431032,49699733,6.711999999999999,7200000,81007201000,1.5,1.5

