git,NUMBER_OF_NODES,TASKS_PER_NODE,THREADS_PER_TASK,num_tasks,NUM_VPS,SCALE,PLASTIC,T_nrns,T_conns_min,T_conns_max,T_conns_sum,T_ini_min,T_ini_max,T_equ,T_sim,VSize_nodes_sum,VSize_mem_sum,VSize_ini_sum,VSize_sum,N_spks_sum,Rate_sum,N_nrns,N_conns_sum,d_min,d_max
GIT: (master@f1c0bcf43),1,6,6,6,,1,true,0.08,0.74,0.95,4.739999999999999,1.12,1.35,0.61,7.31,4515840,5882880,6622328,6835320,570100,31.840999999999998,18000,32419000,1.5,1.5
GIT: (master@f1c0bcf43),2,6,6,12,,1,true,0.23,0.37,0.48,4.719999999999999,0.62,0.74,0.38,3.98,9262004,10472372,12139684,12450980,602052,33.586,18000,32419000,1.5,1.5
GIT: (master@f1c0bcf43),4,6,6,24,,1,true,0.04,0.19,0.24,4.920000000000002,0.35,0.4,0.27,2.43,18526996,19645204,22054132,23159028,593322,33.121,18000,32419000,1.5,1.5
GIT: (master@f1c0bcf43),8,6,6,48,,1,true,0.04,0.1,0.2,5.669999999999999,0.28,0.38,0.18,5.64,36893612,38089644,45222516,55991924,1794303,104.992,18000,32419000,1.5,1.5
GIT: (master@f1c0bcf43),16,6,6,96,,1,true,0.03,0.06,0.11,6.200000000000001,0.15,0.21,0.27,2.19,74328612,74918436,83561396,84211124,609386,34.11099999999999,18000,32419000,1.5,1.5
GIT: (master@f1c0bcf43),32,6,6,192,,1,true,,,,,,,,,,,,,,,,,,
GIT: (master@f1c0bcf43),64,6,6,384,,1,true,,,,,,,,,,,,,,,,,,
GIT: (master@f1c0bcf43),128,6,6,768,,1,true,,,,,,,,,,,,,,,,,,

