git,NUMBER_OF_NODES,TASKS_PER_NODE,THREADS_PER_TASK,SCALE,PLASTIC,RULE,NUM_VPS,num_tasks,T_nrns,T_conns_min,T_conns_max,T_conns_sum,T_ini_min,T_ini_max,T_equ,T_sim,VSize_nodes_sum,VSize_mem_sum,VSize_ini_sum,VSize_sum,N_spks_sum,Rate_sum,N_nrns,N_conns_sum,d_min,d_max
GIT: (master@02a44ba55),1,6,6,5,true,out,36,6,0.35,62.79,63.65,380.24999999999994,7.72,8.62,2.25,0.27,1655208,28866984,29051424,29573664,4194,7.8,56250,632869750,1.5,1.5
GIT: (master@02a44ba55),2,6,6,10,true,out,72,12,0.42,108.13,108.98,1303.43,8.96,9.93,2.19,0.33,3430148,57853700,58591220,59359220,10220,9.399999999999999,112500,1265738500,1.5,1.5
GIT: (master@02a44ba55),4,6,6,20,true,out,144,24,0.4,196.79,199.13,4750.5,9.67,12.02,2.37,0.25,6863284,115710388,119806868,121312148,13589,5.199999999999999,225000,2531476000,1.5,1.5
GIT: (master@02a44ba55),8,6,6,40,true,out,288,48,0.54,373.83,381.94,18062.92,12.2,20.31,2.72,0.3,13740268,231424236,254162356,258383284,30857,7.599999999999999,450000,5062951000,1.5,1.5
GIT: (master@02a44ba55),16,6,6,80,true,out,576,96,0.49,727.36,740.18,70332.40000000001,16.56,29.39,3.18,0.38,28656804,463062180,582213172,605281844,71183,8.899999999999995,900000,10125901000,1.5,1.5
GIT: (master@02a44ba55),32,6,6,160,true,out,1152,192,382.12,1434.74,1472.55,277886.3199999997,20.1,57.91,4.11,0.43,58161300,926972052,1142336436,1180707764,121583,7.599999999999993,1800000,20251801000,1.5,1.5

