git,NUMBER_OF_NODES,TASKS_PER_NODE,THREADS_PER_TASK,num_tasks,NUM_VPS,SCALE,PLASTIC,T_nrns,T_conns_min,T_conns_max,T_conns_sum,T_ini_min,T_ini_max,T_equ,T_sim,VSize_nodes_sum,VSize_mem_sum,VSize_ini_sum,VSize_sum,N_spks_sum,Rate_sum,N_nrns,N_conns_sum,d_min,d_max
GIT: (master@caaf06324),1,6,6,6,,1,true,0.07,0.74,0.93,4.72,1.12,1.32,0.62,7.37,4515840,5882880,6634616,7040120,570100,31.841,18000,32419000,1.5,1.5
GIT: (master@caaf06324),2,6,6,12,,1,true,0.05,0.38,0.48,4.76,0.64,0.74,0.39,4.01,9262004,10472372,12246180,12588196,602052,33.586,18000,32419000,1.5,1.5
GIT: (master@caaf06324),4,6,6,24,,1,true,0.04,0.19,0.24,4.870000000000001,0.34,0.41,0.26,2.29,18526996,19645204,22043892,23267572,593322,33.121,18000,32419000,1.5,1.5
GIT: (master@caaf06324),8,6,6,48,,1,true,0.08,0.1,0.14,5.17,0.31,0.34,0.25,6.31,36893612,38089644,45239412,55921268,1794303,104.99200000000002,18000,32419000,1.5,1.5
GIT: (master@caaf06324),16,6,6,96,,1,true,0.25,0.06,0.08,6.090000000000002,0.14,0.17,0.38,2.67,74328612,74918436,83546036,84175796,609386,34.111000000000004,18000,32419000,1.5,1.5
GIT: (master@caaf06324),32,6,6,192,,1,true,,,,,,,,,,,,,,,,,,
GIT: (master@caaf06324),64,6,6,384,,1,true,,,,,,,,,,,,,,,,,,
GIT: (master@caaf06324),128,6,6,768,,1,true,,,,,,,,,,,,,,,,,,

