git,NUMBER_OF_NODES,TASKS_PER_NODE,THREADS_PER_TASK,SCALE,PLASTIC,RULE,NUM_VPS,num_tasks,T_nrns,T_conns_min,T_conns_max,T_conns_sum,T_ini_min,T_ini_max,T_equ,T_sim,VSize_nodes_sum,VSize_mem_sum,VSize_ini_sum,VSize_sum,N_spks_sum,Rate_sum,N_nrns,N_conns_sum,d_min,d_max
GIT: (heads/v2.20.0@37722d5e3),1,6,6,5,true,in,36,6,0.3,11.72,12.92,72.31,11.86,13.11,2.25,31.73,1655304,27097608,27466368,28119680,447207,7.899000000000001,56250,632869750,1.5,1.5
GIT: (heads/v2.20.0@37722d5e3),2,6,6,10,true,in,72,12,0.41,11.71,12.66,143.04,12.35,13.28,2.19,30.48,3430340,54314948,55576756,57092276,819583,7.281999999999999,112500,1265738500,1.5,1.5
GIT: (heads/v2.20.0@37722d5e3),4,6,6,20,true,in,144,24,0.37,11.74,12.77,286.73999999999995,13.4,14.43,2.39,31.18,6863668,108632884,116137236,117581076,1583650,7.1240000000000006,225000,2531476000,1.5,1.5
GIT: (heads/v2.20.0@37722d5e3),8,6,6,40,true,in,288,48,0.61,11.74,12.84,574.9399999999998,14.98,16.12,2.67,33.81,13802476,217269228,245919924,250509492,3167469,6.995999999999999,450000,5062951000,1.5,1.5
GIT: (heads/v2.20.0@37722d5e3),16,6,6,80,true,in,576,96,0.46,11.75,12.82,1148.7900000000004,18.1,19.18,3.13,37.91,28658340,434752164,561116212,586736692,6268037,6.863,900000,10125901000,1.5,1.5
GIT: (heads/v2.20.0@37722d5e3),32,6,6,160,true,in,1152,192,0.46,11.78,12.86,2302.2200000000016,20.93,22.06,4.15,48.49,58164372,870352020,1113667508,1158559668,12542352,6.946999999999993,1800000,20251801000,1.5,1.5

