git,NUMBER_OF_NODES,TASKS_PER_NODE,THREADS_PER_TASK,num_tasks,NUM_VPS,SCALE,PLASTIC,T_nrns,T_conns_min,T_conns_max,T_conns_sum,T_ini_min,T_ini_max,T_equ,T_sim,VSize_nodes_sum,VSize_mem_sum,VSize_ini_sum,VSize_sum,N_spks_sum,Rate_sum,N_nrns,N_conns_sum,d_min,d_max
GIT: (master@f1c0bcf43),1,6,6,6,36,20,true,0.38,57.29,66.52,353.59,78.2,87.44,15.08,203.26,4992000,108260352,108751992,108905592,1582068,7.0649999999999995,225000,2531476000,1.5,1.5
GIT: (master@f1c0bcf43),2,6,6,12,72,40,true,0.38,56.88,69.27,705.4,81.79,94.18,14.82,208.35,10189748,216640436,218145956,218465444,3161188,6.99,450000,5062951000,1.5,1.5
GIT: (master@f1c0bcf43),4,6,6,24,144,80,true,0.32,56.92,68.58,1408.6400000000003,82.0,93.72,15.19,212.21,20382484,433283860,449682676,449682676,6230342,6.802000000000003,900000,10125901000,1.5,1.5
GIT: (master@f1c0bcf43),8,6,6,48,288,160,true,0.35,57.63,69.03,2844.3900000000017,83.44,94.85,16.29,223.44,40768428,866571180,901404788,901404788,12497130,6.853999999999997,1800000,20251801000,1.5,1.5
GIT: (master@f1c0bcf43),16,6,6,96,576,320,true,0.55,58.6,71.14,5774.500000000005,89.22,101.75,17.51,239.71,81750564,1733356068,1856089012,1856089012,24809067,6.836999999999999,3600000,40503601000,1.5,1.5
GIT: (master@f1c0bcf43),32,6,6,192,1152,640,true,,,,,,,,,,,,,,,,,,

