git,NUMBER_OF_NODES,TASKS_PER_NODE,THREADS_PER_TASK,num_tasks,NUM_VPS,SCALE,PLASTIC,T_nrns,T_conns_min,T_conns_max,T_conns_sum,T_ini_min,T_ini_max,T_equ,T_sim,VSize_nodes_sum,VSize_mem_sum,VSize_ini_sum,VSize_sum,N_spks_sum,Rate_sum,N_nrns,N_conns_sum,d_min,d_max
GIT: (heads/v2.20.0@37722d5e3),1,6,6,6,36,20,true,0.43,47.68,51.68,291.27,51.32,55.33,13.73,192.68,2160136,105585160,106384000,106476160,1582068,7.065,225000,2531476000,1.5,1.5
GIT: (heads/v2.20.0@37722d5e3),2,6,6,12,72,40,true,0.56,47.57,51.62,578.76,53.47,57.62,13.61,196.22,4480964,211331012,213653684,213930164,3161188,6.989999999999999,450000,5062951000,1.5,1.5
GIT: (heads/v2.20.0@37722d5e3),4,6,6,24,144,80,true,0.58,47.4,51.66,1160.1599999999999,57.45,61.72,14.11,202.64,8964916,422665012,439162132,439162132,6230342,6.802000000000002,900000,10125901000,1.5,1.5
GIT: (heads/v2.20.0@37722d5e3),8,6,6,48,288,160,true,0.46,47.5,51.61,2318.5099999999998,62.89,66.96,15.08,213.17,17933292,845333484,880038068,880038068,12497130,6.854000000000001,1800000,20251801000,1.5,1.5
GIT: (heads/v2.20.0@37722d5e3),16,6,6,96,576,320,true,0.59,47.41,51.53,4632.87,79.59,83.7,16.5,229.5,36080292,1690880676,1849369652,1849893940,24809067,6.837000000000003,3600000,40503601000,1.5,1.5
GIT: (heads/v2.20.0@37722d5e3),32,6,6,192,1152,640,true,0.98,47.54,51.78,9282.38,105.64,109.89,19.74,266.72,73008276,3382609044,4098537396,4098537396,49697521,6.8719999999999954,7200000,81007201000,1.5,1.5

