git,NUMBER_OF_NODES,TASKS_PER_NODE,THREADS_PER_TASK,num_tasks,NUM_VPS,SCALE,PLASTIC,T_nrns,T_conns_min,T_conns_max,T_conns_sum,T_ini_min,T_ini_max,T_equ,T_sim,VSize_nodes_sum,VSize_mem_sum,VSize_ini_sum,VSize_sum,N_spks_sum,Rate_sum,N_nrns,N_conns_sum,d_min,d_max
GIT: (master@02a44ba55),1,6,6,6,36,20,true,0.44,46.62,47.71,281.35,51.06,52.15,13.79,192.12,2160040,105585064,106383904,106488352,1582068,7.0649999999999995,225000,2531476000,1.5,1.5
GIT: (master@02a44ba55),2,6,6,12,72,40,true,0.48,46.66,47.99,564.2,53.35,54.71,13.62,197.42,4480772,211330820,213020660,213297140,3161188,6.989999999999999,450000,5062951000,1.5,1.5
GIT: (master@02a44ba55),4,6,6,24,144,80,true,314.81,46.57,47.88,1127.5799999999997,56.94,58.26,14.08,202.29,8964532,422664628,439149460,439149460,6230342,6.802000000000001,900000,10125901000,1.5,1.5
GIT: (master@02a44ba55),8,6,6,48,288,160,true,0.49,46.57,47.95,2255.1299999999997,62.48,63.94,15.04,212.58,17932524,845332716,879791540,879791540,12497130,6.853999999999999,1800000,20251801000,1.5,1.5
GIT: (master@02a44ba55),16,6,6,96,576,320,true,82.06,46.49,48.07,4511.049999999997,79.26,80.84,16.53,229.66,36078756,1690879140,1849384500,1849908788,24809067,6.8370000000000015,3600000,40503601000,1.5,1.5
GIT: (master@02a44ba55),32,6,6,192,1152,640,true,0.65,46.83,48.11,9068.440000000006,107.28,108.56,19.53,263.4,73005204,3382605972,4100500404,4100500404,49697521,6.871999999999995,7200000,81007201000,1.5,1.5

