git,NUMBER_OF_NODES,TASKS_PER_NODE,NUM_VPS,THREADS_PER_TASK,SCALE,NUM_VPS,num_tasks,T_network_local,T_network_global_min,T_network_global_max,T_network_global_sum,T_create_min,T_create_max,T_create_sum,T_connect_max,T_connect_min,T_connect_sum,T_ini_min,T_ini_max,T_sim,VSize_sum,VSize_ini_sum,VSize_net_sum,N_spks_sum,N_nrns,N_conns_sum
GIT: (NEST version_220@37722d5e3),32,6,,6,1,,192,236.635854483,615.821295738,635.177812338,120026.706247,182.888329983,226.364767313,37846.9692245,45.6523742676,40.91827631,8242.95733142,27.4602668285,27.4610877037,149.841435671,2175543476,2175543476,1874130868,22008936,4130180,24134776576
GIT: (NEST version_220@37722d5e3),48,6,,6,1,,288,176.783129215,613.424072266,632.720204592,179258.385275,130.256949186,182.457831383,41222.8107686,39.1242830753,34.5311846733,10489.4071333,21.2809751034,21.2820384502,202.562903166,2320505780,2320505780,1898828340,22004969,4130180,24134776576
GIT: (NEST version_220@37722d5e3),64,6,,6,1,,384,,,,,,,,,,,,,,,,,,,
GIT: (NEST version_220@37722d5e3),80,6,,6,1,,480,145.911498308,613.139663219,632.668740273,298505.942671,95.6162114143,190.337902308,56748.3006635,32.0733675957,29.7256093025,14678.0827432,15.6293606758,15.6316065788,216.793542624,2956660532,2953895732,2508141748,21991649,4130180,24134776576
GIT: (NEST version_220@37722d5e3),96,6,,6,1,,576,164.013516188,613.622920513,633.660643578,358718.469872,87.7042474747,213.012601852,68236.2412632,30.2052316666,28.4769437313,16830.3944004,13.8626258373,13.8671097755,183.220356941,3200179636,3194809780,2644492980,21924659,4130180,24134776576
GIT: (NEST version_220@37722d5e3),112,6,,6,1,,672,191.979881763,612.817690611,633.231586456,417971.698985,80.2273213863,272.493550062,83022.188159,29.7284328938,27.644616127,19116.9969387,12.3133277893,12.3199346066,209.088735104,3467883316,3460141876,2824157108,22003805,4130180,24134776576
GIT: (NEST version_220@37722d5e3),128,6,,6,1,,768,113.157420397,613.592370987,634.620860815,478213.188268,76.2929747105,280.389951229,97661.0179067,28.541955471,27.0552895069,21261.9844415,11.4224591255,11.4361405373,183.52503109,3652917172,3647283124,2905183156,22006687,4130180,24134776576

