git,NUMBER_OF_NODES,TASKS_PER_NODE,NUM_VPS,THREADS_PER_TASK,SCALE,NUM_VPS,num_tasks,T_network_local,T_network_global_min,T_network_global_max,T_network_global_sum,T_create_min,T_create_max,T_create_sum,T_connect_max,T_connect_min,T_connect_sum,T_ini_min,T_ini_max,T_sim,VSize_sum,VSize_ini_sum,VSize_net_sum,N_spks_sum,N_nrns,N_conns_sum
GIT: (NEST master@d4d1b3f59),32,6,,6,1,,192,,,,,,,,,,,,,,,,,,,
GIT: (NEST master@d4d1b3f59),48,6,,6,1,,288,37.7686955929,54.5403075218,59.4874899387,16015.5373368,15.1044254303,15.716219902,4450.55304527,22.6290547848,19.1324834824,5857.44266248,20.215075016,20.2192215919,161.100348949,2213352116,2213352116,1794721284,21975516,4130179,24134776576
GIT: (NEST master@d4d1b3f59),64,6,,6,1,,384,32.1309623718,54.2213721275,58.5200498104,21235.8746696,15.0338327885,15.8679068089,5913.11059022,18.7105295658,15.619235754,6379.61743069,16.07939744,16.0798025131,152.231197596,2572317620,2567433140,2075950452,21972429,4130179,24134776576
GIT: (NEST master@d4d1b3f59),80,6,,6,1,,480,29.6691436768,49.4104306698,58.8493776321,26489.7173281,13.8701212406,15.7682893276,7314.97033668,15.7537105083,12.8832337856,6884.80917716,13.7274746895,13.7280118465,173.286926031,2870884404,2866184244,2312953956,22018180,4130179,24134776576
GIT: (NEST master@d4d1b3f59),96,6,,6,1,,576,,,,,,,,,,,,,,,,,,,
,112,6,,6,1,,672,,,,,,,,,,,,,,,,,,,
,128,6,,6,1,,768,,,,,,,,,,,,,,,,,,,

