git,NUMBER_OF_NODES,TASKS_PER_NODE,NUM_VPS,THREADS_PER_TASK,SCALE,NUM_VPS,num_tasks,T_network_local,T_network_global_min,T_network_global_max,T_network_global_sum,T_create_min,T_create_max,T_create_sum,T_connect_max,T_connect_min,T_connect_sum,T_ini_min,T_ini_max,T_sim,VSize_sum,VSize_ini_sum,VSize_net_sum,N_spks_sum,N_nrns,N_conns_sum
GIT: (NEST master@d4d1b3f59),1,6,36,6,0.0625,36,6,52.5183515549,34.5021417141,35.5698001385,209.081855297,1.51218128204,1.57409906387,9.17918562889,55.8846919537,49.4658951759,309.873010874,58.4993870258,58.4994978905,1201.73412824,100577872,100577872,99379672,60363069,258257,1508419407
GIT: (NEST master@d4d1b3f59),2,6,72,6,0.125,72,12,51.2010495663,35.300968647,39.7609167099,439.409085274,2.50371313095,2.67149281502,30.390162468,53.2758276463,45.9971501827,594.603012562,61.1470599174,61.1471877098,1433.97302318,207067220,207067220,198944612,119604230,516390,3016843251
GIT: (NEST master@d4d1b3f59),4,6,144,6,0.25,144,24,54.2619876862,39.4259581566,41.4287343025,962.568792343,4.46002864838,4.5358748436,107.817127705,54.1999490261,49.0981771946,1211.52812481,63.0542640686,63.1153833866,1687.20923948,423965780,423388244,397826676,242952584,1032642,6033690822
GIT: (NEST master@d4d1b3f59),8,6,288,6,0.5,288,48,57.3482847214,46.3825449944,50.1094739437,2264.86183834,8.35082507133,8.71560811996,405.556765795,58.227319479,48.8671143055,2521.64472437,66.1749851704,66.1752176285,2011.80819297,881407796,881407796,795787884,486924029,2065150,12067386057
GIT: (NEST master@d4d1b3f59),16,6,576,6,1.0,576,96,66.249581337,59.899589777,63.9215886593,5861.29394388,15.7534604073,16.4673933983,1554.73013878,56.8629801273,47.1796827316,4980.06412005,57.1195547581,57.1199300289,54.2442159653,1631754676,1631754676,1571979300,5553407,4130179,24134776576
GIT: (NEST master@d4d1b3f59),32,6,1152,6,2.0,1152,192,84.1325325966,87.2064528465,92.2775874138,16994.2634892,28.4383296967,28.9652955532,5501.12307262,59.8751857281,51.3492262363,10731.7962594,76.8231759071,76.8340165615,2988.74849129,3729168820,3695679924,3184361108,1918935588,8260233,48269557645

