git,NUMBER_OF_NODES,TASKS_PER_NODE,NUM_VPS,THREADS_PER_TASK,SCALE,NUM_VPS,num_tasks,T_network_local,T_network_global_min,T_network_global_max,T_network_global_sum,T_create_min,T_create_max,T_create_sum,T_connect_max,T_connect_min,T_connect_sum,T_ini_min,T_ini_max,T_sim,VSize_sum,VSize_ini_sum,VSize_net_sum,N_spks_sum,N_nrns,N_conns_sum
GIT: (master@caaf06324),1,6,36,6,0.0625,36,6,52.69982886314392,36.100764989852905,37.42231464385986,221.3887231349945,3.6177175045013428,3.667259931564331,21.823363065719604,55.600751638412476,49.05487680435181,308.5199558734894,51.52859306335449,51.528719663619995,594.2161359786987,100527528,100496808,99489072,27292945,258257,1508419407
GIT: (master@caaf06324),2,6,72,6,0.125,72,12,59.196072578430176,38.367470264434814,39.90866422653198,466.5793399810791,5.990617275238037,6.083753347396851,72.1785683631897,57.673277854919434,50.08403396606445,635.1310076713562,55.90668082237244,55.907636880874634,643.042683839798,206751492,206597892,199065108,49983166,516390,3016843251
GIT: (master@caaf06324),4,6,144,6,0.25,144,24,63.55113887786865,41.788060665130615,45.88998866081238,1024.9798901081085,10.663573741912842,11.547178983688354,259.026141166687,60.49589991569519,48.796571016311646,1247.18488240242,53.54458165168762,53.544742822647095,304.2224907875061,422988212,422103476,398198740,30637122,1032642,6033690822
GIT: (master@caaf06324),8,6,288,6,0.5,288,48,71.72637605667114,48.380003690719604,53.071368932724,2382.552315711975,19.236531257629395,20.430662870407104,932.2382318973541,60.06596040725708,48.862812995910645,2540.6795959472656,55.10967230796814,55.11009979248047,193.93850255012512,876415476,876415476,796368172,11116816,2065150,12067386057
GIT: (master@caaf06324),16,6,576,6,1.0,576,96,82.62954568862915,60.36842679977417,65.92428684234619,6027.37729716301,31.62373948097229,35.471107006073,3243.883524656296,57.16574454307556,47.30742025375366,4892.92084312439,57.84878897666931,57.850621938705444,257.265700340271,1642057524,1642057524,1573107108,21909606,4130179,24134776576
GIT: (master@caaf06324),32,6,1152,6,2.0,1152,192,113.26543354988098,78.32520341873169,94.7348849773407,17390.55568742752,50.130531549453735,60.44281077384949,11002.189561605453,63.251959562301636,45.41076898574829,10521.286563873291,59.51068043708801,59.51323080062866,404.68144512176514,3573619892,3573619892,3186878868,43836615,8260233,48269557645

