git,NUMBER_OF_NODES,TASKS_PER_NODE,NUM_VPS,THREADS_PER_TASK,SCALE,NUM_VPS,num_tasks,T_network_local,T_network_global_min,T_network_global_max,T_network_global_sum,T_create_min,T_create_max,T_create_sum,T_connect_max,T_connect_min,T_connect_sum,T_ini_min,T_ini_max,T_sim,VSize_sum,VSize_ini_sum,VSize_net_sum,N_spks_sum,N_nrns,N_conns_sum
GIT: (master@8f5a5fc1e),1,6,36,6,0.0625,36,6,62.7641482353,38.5396888256,39.667637825,235.42743063,3.63952088356,3.69059085846,22.0093491077,69.6712255478,58.6704473495,364.195636272,51.0204584599,51.0205786228,585.36775732,100343160,100343160,99489024,27292945,258257,1508419407
GIT: (master@8f5a5fc1e),2,6,72,6,0.125,72,12,64.5055332184,40.5071363449,44.7929208279,497.562707424,6.01007437706,6.51224303246,72.7926242352,72.0818712711,58.4657218456,752.513624191,51.6644718647,51.6646339893,600.732288599,206753444,206569124,199097780,49983166,516390,3016843251
GIT: (master@8f5a5fc1e),4,6,144,6,0.25,144,24,78.8147156239,43.9742588997,48.5727450848,1083.14940453,10.6622202396,11.4728035927,258.866752625,73.2603852749,58.5107347965,1499.98955846,53.5880184174,53.5882191658,286.678333282,421370100,420448500,398165780,30637122,1032642,6033690822
GIT: (master@8f5a5fc1e),8,6,288,6,0.5,288,48,78.895018816,50.9940629005,53.2656071186,2493.66760969,18.8665568829,19.4369482994,926.081373215,71.3286557198,56.9780490398,2988.73247194,55.0070075989,55.0077228546,173.648644447,875149428,875149428,796367788,11116816,2065150,12067386057
GIT: (master@8f5a5fc1e),16,6,576,6,1.0,576,96,93.7967545986,59.8085503578,71.4181554317,6329.2941823,29.2776758671,35.1085650921,3210.23649812,75.3517904282,53.1332995892,6076.27974558,56.5125691891,56.5129899979,209.502138376,1637010484,1637010484,1573106340,21909606,4130179,24134776576
GIT: (master@8f5a5fc1e),32,6,1152,6,2.0,1152,192,123.604143858,89.1010770798,102.449336767,18504.3636646,50.282630682,58.985227108,10938.3595691,80.7369217873,59.1651573181,12971.6882696,59.2182354927,59.2197937965,295.472016335,3581745076,3581745076,3186812052,43836615,8260233,48269557645

