git,NUMBER_OF_NODES,TASKS_PER_NODE,NUM_VPS,THREADS_PER_TASK,SCALE,NUM_VPS,num_tasks,T_network_local,T_network_global_min,T_network_global_max,T_network_global_sum,T_create_min,T_create_max,T_create_sum,T_connect_max,T_connect_min,T_connect_sum,T_ini_min,T_ini_max,T_sim,VSize_sum,VSize_ini_sum,VSize_net_sum,N_spks_sum,N_nrns,N_conns_sum
GIT: (master@f1c0bcf43),32,6,,6,1,,192,59.898635387420654,53.30216073989868,60.94784665107727,11065.867758274078,28.48894166946411,34.65257668495178,6312.006769418716,31.77193522453308,22.934324741363525,5317.98747587204,30.39320945739746,30.39348578453064,179.67346954345703,2081197492,2081197492,1739348628,21991826,4130179,24134776576
GIT: (master@f1c0bcf43),48,6,,6,1,,288,53.74305033683777,48.34298372268677,59.94894289970398,16316.684857606888,28.446159839630127,34.0532546043396,9395.462438583374,23.747203588485718,16.901585578918457,6035.433052301407,21.91056227684021,21.911016941070557,236.38643503189087,2216407860,2216407860,1798104708,21975516,4130179,24134776576
GIT: (master@f1c0bcf43),64,6,,6,1,,384,48.35736536979675,50.74862766265869,59.27142000198364,21536.885798454285,27.94423770904541,33.931477785110474,12417.675356388092,18.175768852233887,13.845553159713745,6353.369077205658,17.6540789604187,17.654395818710327,202.4637153148651,2576859572,2570439092,2124698484,21972429,4130179,24134776576
GIT: (master@f1c0bcf43),80,6,,6,1,,480,,,,,,,,,,,,,,,,,,,
GIT: (master@f1c0bcf43),96,6,,6,1,,576,46.042036056518555,48.12034296989441,59.24292516708374,32336.426783800125,27.796948194503784,34.574164390563965,18468.959458112717,14.10133147239685,10.893681049346924,7468.05205655098,13.33838152885437,13.343927383422852,179.22184038162231,3107914932,3101789364,2527980372,22032051,4130179,24134776576
GIT: (master@f1c0bcf43),112,6,,6,1,,672,,,,,,,,,,,,,,,,,,,
GIT: (master@f1c0bcf43),128,6,,6,1,,768,,,,,,,,,,,,,,,,,,,

