git,NUMBER_OF_NODES,TASKS_PER_NODE,NUM_VPS,THREADS_PER_TASK,SCALE,NUM_VPS,num_tasks,T_network_local,T_network_global_min,T_network_global_max,T_network_global_sum,T_create_min,T_create_max,T_create_sum,T_connect_max,T_connect_min,T_connect_sum,T_ini_min,T_ini_max,T_sim,VSize_sum,VSize_ini_sum,VSize_net_sum,N_spks_sum,N_nrns,N_conns_sum
GIT: (NEST master@a641eec1e),1,6,36,6,0.0625,36,6,66.8958699703,36.6191570759,38.0286130905,222.616149902,3.58117938042,3.69141769409,21.9284696579,63.2179584503,49.3845734596,321.063468695,51.2766594887,51.2768003941,286.400623083,100557936,100465776,99488760,13413509,258257,1508419407
,2,6,72,6,0.125,72,12,,,,,,,,,,,,,,,,,,,
GIT: (NEST master@a641eec1e),4,6,144,6,0.25,144,24,74.2393810749,41.0250518322,46.4035096169,1023.0243032,10.7028830051,11.4656662941,259.539916515,64.4219152927,45.9773967266,1271.29654336,53.4989759922,53.4991617203,75.9866948128,420449492,420449492,398197492,2924561,1032642,6033690822
GIT: (NEST master@a641eec1e),8,6,288,6,0.5,288,48,68.9582915306,48.2906353474,52.7614359856,2368.54110241,19.3001923561,19.7746140957,934.639087677,62.4871716499,46.7961065769,2518.3270514,55.5858421326,55.5860776901,85.5352580547,875661364,875661364,796332908,5567620,2065150,12067386057
GIT: (NEST master@a641eec1e),16,6,576,6,1.0,576,96,,,,,,,,,,,,,,,,,,,
GIT: (NEST master@a641eec1e),32,6,1152,6,2.0,1152,192,109.869451761,82.3967583179,95.69363904,17580.4656069,50.8568344116,59.1904137135,11011.797061,67.9860954285,48.1575319767,10847.4753582,59.9383943081,59.9388170242,161.013171434,3567039924,3567039924,3186786964,22050797,8260233,48269557645

