git,NUMBER_OF_NODES,TASKS_PER_NODE,NUM_VPS,THREADS_PER_TASK,SCALE,NUM_VPS,num_tasks,T_network_local,T_network_global_min,T_network_global_max,T_network_global_sum,T_create_min,T_create_max,T_create_sum,T_connect_max,T_connect_min,T_connect_sum,T_ini_min,T_ini_max,T_sim,VSize_sum,VSize_ini_sum,VSize_net_sum,N_spks_sum,N_nrns,N_conns_sum
GIT: (NEST master@0a6bac389),1,6,36,6,0.0625,36,6,48.4245226383,33.6245594025,37.4299001694,206.938023567,1.47692751884,1.63898301125,9.05831575394,48.2387969494,46.2891731262,284.09053278,56.4878749847,56.4879560471,1107.6211133,100612888,100612888,99371680,60363069,258257,1508419407
GIT: (NEST master@0a6bac389),2,6,72,6,0.125,72,12,50.4121222496,34.9623863697,38.0525314808,431.341408491,2.46354866028,2.63630247116,29.8527283669,50.5954706669,44.5192430019,565.914782524,60.5165691376,60.5166640282,1318.57750392,207137252,207137252,198928628,119604230,516390,3016843251
GIT: (NEST master@0a6bac389),4,6,144,6,0.25,144,24,54.405777216,39.023393631,41.7325966358,957.267501116,4.39514446259,4.62303352356,106.95746541,52.4139823914,44.9105257988,1172.75454879,63.0103149414,63.0107402802,1595.75168085,423931764,423255924,397860244,242952584,1032642,6033690822
GIT: (NEST master@0a6bac389),8,6,288,6,0.5,288,48,56.3043749332,45.5402059555,48.8787677288,2249.79703736,8.25274133682,8.73487091064,402.766572714,51.8322863579,45.6541612148,2351.48084044,69.2383415699,69.2385978699,1951.81110382,881012084,881012084,795723948,486924029,2065150,12067386057
GIT: (NEST master@0a6bac389),16,6,576,6,1.0,576,96,66.4195253849,59.3600635529,64.3689017296,5842.6528163,15.776144743,16.4408185482,1546.74767399,53.017054081,45.4428546429,4698.76194,65.1746711731,65.1749613285,55.4811587334,1632085556,1632085556,1571851428,5553407,4130179,24134776576
GIT: (NEST master@0a6bac389),32,6,1152,6,2.0,1152,192,83.5648674965,87.3051424026,93.5356030464,17040.1405344,28.0240962505,28.9402091503,5461.34672213,58.6335847378,49.5566396713,10254.4352624,91.6485099792,91.6490592957,3172.2946806,3714837428,3674467252,3184138388,1918935588,8260233,48269557645

