git,NUMBER_OF_NODES,TASKS_PER_NODE,NUM_VPS,THREADS_PER_TASK,SCALE,NUM_VPS,num_tasks,T_network_local,T_network_global_min,T_network_global_max,T_network_global_sum,T_create_min,T_create_max,T_create_sum,T_connect_max,T_connect_min,T_connect_sum,T_ini_min,T_ini_max,T_sim,VSize_sum,VSize_ini_sum,VSize_net_sum,N_spks_sum,N_nrns,N_conns_sum
GIT: (master@8f5a5fc1e),1,6,36,6,0.0625,36,6,65.0401365757,39.051885128,43.2669782639,239.480776548,3.63110256195,4.02518892288,22.3224520683,72.3409502506,57.3911685944,374.865342855,51.384018898,51.3841667175,140.739373207,100591992,100469112,99485952,6506618,258257,1508419407
GIT: (master@8f5a5fc1e),2,6,72,6,0.125,72,12,67.2836711407,40.7403175831,45.4747719765,499.637094021,6.00266695023,6.51541686058,72.8896298409,73.2419734001,60.8304133415,755.801343203,52.9594767094,52.9596633911,138.766875982,206747300,206562980,199091636,11373665,516390,3016843251
GIT: (master@8f5a5fc1e),4,6,144,6,0.25,144,24,70.8097996712,43.9975759983,48.4158997536,1080.29267406,10.6313970089,11.4455327988,258.171464443,72.5393621922,56.5200781822,1501.81093645,53.2737529278,53.2739398479,38.0672600269,423065844,423065844,398153492,1437479,1032642,6033690822
GIT: (master@8f5a5fc1e),8,6,288,6,0.5,288,48,78.1412174702,50.9364686012,54.7530338764,2498.55855584,18.5022687912,20.2227203846,926.183564425,72.7243416309,58.0545506477,3018.68300843,55.3404743671,55.3407595158,43.0254733562,875671668,875671668,796343212,2821373,2065150,12067386057
GIT: (master@8f5a5fc1e),16,6,576,6,1.0,576,96,93.3554308414,60.199255228,69.4469652176,6279.36602044,29.7735328674,35.1625282764,3223.53787565,71.6956601143,53.5717558861,5938.94128537,56.8690097332,56.8694753647,53.553273201,1643871540,1643871540,1573086116,5553407,4130179,24134776576
GIT: (master@8f5a5fc1e),32,6,1152,6,2.0,1152,192,125.705756187,90.8409452438,120.176743269,18593.9144747,50.6125371456,58.6422600746,10931.3755655,77.8945252895,58.9632349014,12825.3478682,59.984205246,59.9848833084,77.2190527916,3577598644,3577598644,3186794388,11169464,8260233,48269557645

