git,NUMBER_OF_NODES,TASKS_PER_NODE,NUM_VPS,THREADS_PER_TASK,SCALE,NUM_VPS,num_tasks,T_network_local,T_network_global_min,T_network_global_max,T_network_global_sum,T_create_min,T_create_max,T_create_sum,T_connect_max,T_connect_min,T_connect_sum,T_ini_min,T_ini_max,T_sim,VSize_sum,VSize_ini_sum,VSize_net_sum,N_spks_sum,N_nrns,N_conns_sum
GIT: (master@caaf06324),32,6,,6,1,,192,58.08026480674744,49.78668546676636,60.94969153404236,11020.022032737732,28.54754877090454,34.650779485702515,6292.948984622955,30.876211166381836,23.086318016052246,5306.110934495926,30.63605308532715,30.637232542037964,174.41818809509277,2081852852,2081852852,1739348628,21991826,4130179,24134776576
GIT: (master@caaf06324),48,6,,6,1,,288,53.3398871421814,48.58381199836731,59.61753582954407,16255.255410671234,28.339841842651367,34.124733209609985,9354.107356786728,23.90025281906128,18.033474445343018,6048.256062269211,22.073771238327026,22.074130535125732,201.46859645843506,2216244020,2216244020,1798104708,21975516,4130179,24134776576
GIT: (master@caaf06324),64,6,,6,1,,384,,,,,,,,,,,,,,,,,,,
GIT: (master@caaf06324),80,6,,6,1,,480,,,,,,,,,,,,,,,,,,,
GIT: (master@caaf06324),96,6,,6,1,,576,45.328442096710205,48.19454383850098,59.43643307685852,32343.814146518707,27.620166063308716,33.52328634262085,18339.073263168335,14.190995454788208,10.866600275039673,7472.696010112762,16.504207372665405,16.506201028823853,176.37734413146973,3108019380,3101353140,2527980372,22032051,4130179,24134776576
GIT: (master@caaf06324),112,6,,6,1,,672,46.5645432472229,48.21969223022461,59.54045748710632,37965.96050238609,27.73093056678772,33.59206986427307,21454.428320884705,13.352651119232178,10.101680994033813,8185.702424049377,13.23413872718811,13.239427089691162,224.44631338119507,3352257716,3343625396,2674266564,21976560,4130179,24134776576
GIT: (master@caaf06324),128,6,,6,1,,768,43.53113007545471,48.728318214416504,59.81114602088928,43684.624302864075,27.62807321548462,33.512800455093384,24498.970131874084,12.753161907196045,9.536102533340454,8873.519801616669,12.532195091247559,12.534719705581665,198.86250495910645,3602826164,3596159924,2837913396,21989235,4130179,24134776576

