git,NUMBER_OF_NODES,TASKS_PER_NODE,NUM_VPS,THREADS_PER_TASK,SCALE,NUM_VPS,num_tasks,T_network_local,T_network_global_min,T_network_global_max,T_network_global_sum,T_create_min,T_create_max,T_create_sum,T_connect_max,T_connect_min,T_connect_sum,T_ini_min,T_ini_max,T_sim,VSize_sum,VSize_ini_sum,VSize_net_sum,N_spks_sum,N_nrns,N_conns_sum
GIT: (NEST master@02a44ba55),1,6,36,6,0.0625,36,6,341.72484612464905,57.57929015159607,58.934414863586426,349.9908456802368,293.9598014354706,296.96541714668274,1775.6707696914673,47.71134424209595,44.63999366760254,274.75651574134827,36.25583600997925,36.25616955757141,1248.481495141983,98790920,98790920,96466320,60539406,258258,1508419407
GIT: (NEST master@02a44ba55),2,6,72,6,0.125,72,12,347.3300950527191,96.41364240646362,98.5973813533783,1166.6244020462036,298.860985994339,305.5895221233368,3636.751209259033,48.65449047088623,44.65377330780029,549.6850261688232,39.09075403213501,39.091137409210205,1796.520608663559,202516420,200894404,193052372,121689362,516391,3016843251
GIT: (NEST master@02a44ba55),4,6,144,6,0.25,144,24,361.74443101882935,172.46896719932556,178.29061222076416,4211.02600312233,308.93917441368103,316.2302062511444,7492.045277118683,52.62237310409546,45.65173888206482,1164.8598110675812,41.850873708724976,41.85137438774109,1947.256189107895,412603188,411564852,386074964,242533311,1032643,6033690822
GIT: (NEST master@02a44ba55),8,6,288,6,0.5,288,48,368.25073170661926,323.4713068008423,333.9442980289459,15731.91590666771,307.26420545578003,316.6438937187195,14984.8609354496,59.24294972419739,52.187442779541016,2656.587725877762,48.03735160827637,48.03786063194275,2530.9154150485992,870718708,870718708,794239156,485965655,2065151,12067386057
GIT: (NEST master@02a44ba55),16,6,576,6,1.0,576,96,379.1379859447479,621.0976247787476,640.7783601284027,60524.015756607056,313.33665776252747,333.20121574401855,30607.284561157227,66.28852248191833,60.284454107284546,6032.786923646927,46.18771028518677,46.18876838684082,266.59657740592957,1680610612,1680610612,1619262644,5574566,4130180,24134776576
GIT: (NEST master@02a44ba55),32,6,1152,6,2.0,1152,192,428.0926365852356,1260.0139372348785,1302.9849965572357,245795.3852057457,329.5950736999512,364.74733114242554,65797.61609005928,88.06789970397949,80.8884630203247,16208.671562671661,80.7794542312622,80.77996110916138,3452.6579682826996,4166373556,4166373556,3556620212,1936676440,8260234,48269557645

