NUMBER_OF_NODES,TASKS_PER_NODE,NUM_VPS,THREADS_PER_TASK,SCALE,NUM_VPS,num_tasks,T_network_local,T_network_global_min,T_network_global_max,T_network_global_sum,T_create_min,T_create_max,T_create_sum,T_connect_max,T_connect_min,T_connect_sum,T_ini_min,T_ini_max,T_sim,VSize_sum,VSize_ini_sum,VSize_net_sum,N_spks_sum,N_nrns,N_conns_sum
1,6,36,6,0.0625,36,6,55.887678146362305,39.61229109764099,43.558706521987915,243.83384537696838,1.5914902687072754,1.8240914344787598,9.89545488357544,64.0269103050232,54.244295597076416,344.48423433303833,37.85074710845947,37.85089111328125,1203.0727117061615,97771728,97771728,96340056,60363069,258257,1508419407
2,6,72,6,0.125,72,12,58.11652445793152,41.17466425895691,43.056535720825195,506.87042140960693,2.650404453277588,2.7314679622650146,32.25561738014221,60.16198205947876,54.296895027160645,683.4748160839081,38.50182366371155,38.50201678276062,1362.06658577919,201254224,201254224,192799840,119604230,516390,3016843251
4,6,144,6,0.25,144,24,60.61716890335083,45.37382888793945,49.71389150619507,1115.875515460968,4.623907566070557,5.044335842132568,116.82002186775208,63.83072900772095,53.91281819343567,1388.508814573288,40.868316888809204,40.86847496032715,1638.1335911750793,411037256,410422856,385471592,242952584,1032642,6033690822
8,6,288,6,0.5,288,48,64.63873195648193,53.22408866882324,57.41062355041504,2607.038998603821,8.90634822845459,9.49543571472168,440.4279704093933,63.352543354034424,54.12611174583435,2793.7077729701996,45.46932101249695,45.47151207923889,2031.6146194934845,856257304,856257304,770913872,486924029,2065150,12067386057
16,6,576,6,1.0,576,96,75.28081703186035,68.99248671531677,73.4968512058258,6733.655992984772,16.936388731002808,17.91769003868103,1681.1419112682343,63.835811614990234,54.461272954940796,5530.939044237137,36.987234354019165,36.997331380844116,58.525745153427124,1583104376,1583104376,1522870248,5553407,4130179,24134776576
32,6,1152,6,2.0,1152,192,93.48123979568481,99.08539009094238,105.03109192848206,19482.873503684998,29.06526255607605,31.06689453125,5863.183283567429,70.40169739723206,58.885722398757935,12085.593428611755,65.13891458511353,65.14144802093506,3454.543068885803,3723757880,3723757880,3085651480,1918935588,8260233,48269557645

