git,NUMBER_OF_NODES,TASKS_PER_NODE,NUM_VPS,THREADS_PER_TASK,SCALE,NUM_VPS,num_tasks,T_network_local,T_network_global_min,T_network_global_max,T_network_global_sum,T_create_min,T_create_max,T_create_sum,T_connect_max,T_connect_min,T_connect_sum,T_ini_min,T_ini_max,T_sim,VSize_sum,VSize_ini_sum,VSize_net_sum,N_spks_sum,N_nrns,N_conns_sum
GIT: (master@8f5a5fc1e),32,6,,6,1,,192,65.8057198524,51.8241422176,62.9156656265,11407.2730315,28.575561285,34.1174111366,6294.34068966,40.526900053,29.876512289,6625.64917159,30.2202503681,30.2205758095,169.081914425,2079557556,2079557556,1739347092,21991826,4130179,24134776576
GIT: (master@8f5a5fc1e),48,6,,6,1,,288,57.2019519806,50.1372115612,61.3608162403,16615.9573441,28.1548242569,34.0031037331,9328.20579839,28.9134879112,20.5822970867,7144.2866509,21.8333098888,21.8336951733,158.810846806,2220010036,2220010036,1798102404,21975516,4130179,24134776576
GIT: (master@8f5a5fc1e),64,6,,6,1,,384,51.6898088455,50.7513217926,71.3020241261,22681.3069487,28.2756612301,33.6536915302,12408.335315,23.4318780899,16.8444237709,7747.84626722,17.769392252,17.7698040009,125.249515295,2576084404,2571230644,2124695412,21972429,4130179,24134776576
GIT: (master@8f5a5fc1e),80,6,,6,1,,480,49.1781518459,50.5011928082,71.0816521645,28372.4479575,27.9346175194,33.4922711849,15431.3912556,19.7667987347,14.6123385429,8387.3193934,15.3659570217,15.3708992004,161.996466875,2877588660,2874363060,2366020836,22018180,4130179,24134776576
GIT: (master@8f5a5fc1e),96,6,,6,1,,576,47.2493252754,48.8344492912,60.3272066116,33072.2986202,27.7161254883,33.3039953709,18448.8963828,17.8156135082,13.1203122139,8922.4361825,14.1898732185,14.1902098656,146.355705738,3106341556,3101414068,2527975764,22032051,4130179,24134776576
GIT: (master@8f5a5fc1e),112,6,,6,1,,672,,,,,,,,,,,,,,,,,,,
GIT: (master@8f5a5fc1e),128,6,,6,1,,768,45.252117157,49.6129827499,61.1066277027,44401.0528595,26.3217175007,33.1040489674,24350.186635,15.2149050236,11.2088150978,10396.4018271,11.6165623665,11.6206755638,143.517146587,3589514164,3584205748,2837907252,21989235,4130179,24134776576

