git,NUMBER_OF_NODES,TASKS_PER_NODE,NUM_VPS,THREADS_PER_TASK,SCALE,NUM_VPS,num_tasks,T_network_local,T_network_global_min,T_network_global_max,T_network_global_sum,T_create_min,T_create_max,T_create_sum,T_connect_max,T_connect_min,T_connect_sum,T_ini_min,T_ini_max,T_sim,VSize_sum,VSize_ini_sum,VSize_net_sum,N_spks_sum,N_nrns,N_conns_sum
GIT: (NEST master@d4d1b3f59),32,6,,6,1,,192,,,,,,,,,,,,,,,,,,,
GIT: (NEST master@d4d1b3f59),48,6,,6,1,,288,36.8810875416,53.6092469692,58.504326582,15729.7827888,15.5966863632,16.2311241627,4586.75849366,21.6891238689,18.8624346256,5802.89706159,23.2480256557,23.2490139008,190.887401819,2209256116,2209256116,1794721284,21975516,4130179,24134776576
GIT: (NEST master@d4d1b3f59),64,6,,6,1,,384,32.469748497,53.294731617,57.7930142879,20817.7865505,15.2900421619,16.4278893471,6094.08308768,17.8971095085,15.4840252399,6323.28024769,17.5461502075,17.5485613346,123.757992744,2569788340,2564658100,2075950452,21972429,4130179,24134776576
GIT: (NEST master@d4d1b3f59),80,6,,6,1,,480,30.2966496944,53.0667541027,58.2210786343,26057.6345158,15.2374374866,16.2780563831,7591.45112205,15.3334677219,13.4834506512,6872.578269,15.3894028664,15.3909876347,132.829236269,2869891124,2866174004,2312953956,22018180,4130179,24134776576
GIT: (NEST master@d4d1b3f59),96,6,,6,1,,576,,,,,,,,,,,,,,,,,,,
GIT: (NEST master@d4d1b3f59),112,6,,6,1,,672,,,,,,,,,,,,,,,,,,,
GIT: (NEST master@d4d1b3f59),128,6,,6,1,,768,,,,,,,,,,,,,,,,,,,

