git,NUMBER_OF_NODES,TASKS_PER_NODE,NUM_VPS,THREADS_PER_TASK,SCALE,NUM_VPS,num_tasks,T_network_local,T_network_global_min,T_network_global_max,T_network_global_sum,T_create_min,T_create_max,T_create_sum,T_connect_max,T_connect_min,T_connect_sum,T_ini_min,T_ini_max,T_sim,VSize_sum,VSize_ini_sum,VSize_net_sum,N_spks_sum,N_nrns,N_conns_sum
GIT: (NEST master@d4d1b3f59),1,6,36,6,0.0625,36,6,52.8045258522,34.3685443401,37.8223469257,213.301362276,1.49046087265,1.69701600075,9.18311572075,56.385579586,49.5811133385,311.491120338,51.8210372925,51.82112813,1189.97687912,100690512,100690512,99412440,60363069,258257,1508419407
GIT: (NEST master@d4d1b3f59),2,6,72,6,0.125,72,12,51.4962744713,36.0281553268,39.5411448479,447.081252337,2.44422864914,2.60300254822,29.8875250816,55.6651062965,46.577236414,599.700876951,54.555734396,54.5558345318,1396.41936946,207102292,207102292,198912100,119604230,516390,3016843251
GIT: (NEST master@d4d1b3f59),4,6,144,6,0.25,144,24,57.123197794,39.825978756,41.7704772949,975.238560438,4.35245203972,4.52159786224,105.232237816,56.4193229675,49.3734726906,1230.19631124,55.6011915207,56.0059509277,1705.10458016,425077844,424402004,397892212,242952584,1032642,6033690822
GIT: (NEST master@d4d1b3f59),8,6,288,6,0.5,288,48,66.9011554718,47.3593232632,50.4443376064,2324.32975459,8.03546953201,8.3482375145,392.591866732,59.0094745159,49.9473023415,2548.14918375,59.3591849804,59.3593571186,2033.48444724,881826100,881826100,795755628,486924029,2065150,12067386057
GIT: (NEST master@d4d1b3f59),16,6,576,6,1.0,576,96,73.0039710999,60.5726230145,67.2938745022,5968.45221972,15.5874884129,16.0371897221,1509.57328367,58.007055521,47.5816845894,5014.45876813,50.4626333714,50.4628891945,57.9754445553,1631756724,1631756724,1571981348,5553407,4130179,24134776576
GIT: (NEST master@d4d1b3f59),32,6,1152,6,2.0,1152,192,83.4131543636,88.1399610043,93.1544115543,17252.8636479,27.1971364021,28.3636965752,5389.1952796,62.8007771969,51.7765324116,10850.203743,71.1878340244,71.198839426,3070.51952243,3729012148,3684054452,3184329364,1918935588,8260233,48269557645

