git,NUMBER_OF_NODES,TASKS_PER_NODE,THREADS_PER_TASK,SCALE,PLASTIC,RULE,NUM_VPS,num_tasks,T_nrns,T_conns_min,T_conns_max,T_conns_sum,T_ini_min,T_ini_max,VSize_nodes_sum,VSize_mem_sum,VSize_ini_sum,VSize_sum,N_nrns,N_conns_sum,d_min,d_max
GIT: (NEST master@54c206f7b),1,6,6,5,false,in,36,6,0.0602443218231,62.0135939121,77.6023037434,388.211095095,72.5535497665,88.1421999931,10285296,132083952,132532188,,500000,2500000000,1.5,1.5
GIT: (NEST master@54c206f7b),2,6,6,10,false,in,72,12,0.0752210617065,73.2425572872,87.7708220482,909.488754749,75.5279397964,90.0702700615,20690324,264287636,273048424,,1000000,5000012600,1.5,1.5
GIT: (NEST master@54c206f7b),4,6,6,20,false,in,144,24,0.142131567001,94.9442503452,110.058989286,2343.989326,79.2777383327,94.4068038464,41383636,528578260,577354388,,2000000,10000001300,1.5,1.5
GIT: (NEST master@54c206f7b),8,6,6,40,false,in,288,48,0.286321878433,138.335377932,154.630074501,6789.83246708,79.9231812954,96.2382144928,82772268,1057172268,1090107380,,4000000,20000014200,1.5,1.5
,16,6,6,80,false,in,576,96,,,,,,,,,,,,,,
,32,6,6,160,false,in,1152,192,,,,,,,,,,,,,,

