NUMBER_OF_NODES,TASKS_PER_NODE,THREADS_PER_TASK,SCALE,PLASTIC,RULE,NUM_VPS,num_tasks,T_nrns,T_conns_min,T_conns_max,T_conns_sum,T_ini_min,T_ini_max,VSize_nodes_sum,VSize_mem_sum,VSize_ini_sum,VSize_sum,N_nrns,N_conns_sum,d_min,d_max
1,6,6,5,false,in,36,6,0.06756973266601562,68.26813840866089,78.27542233467102,422.03542137145996,40.56982231140137,50.56704115867615,8084904,129895848,130344076,,500000,2500000000,1.5,1.5
2,6,6,10,false,in,72,12,0.08333468437194824,79.95339059829712,91.73262333869934,992.4675278663635,41.67476773262024,53.41254377365112,16314112,259911424,268672200,,1000000,4999993050,1.5,1.5
4,6,6,20,false,in,144,24,0.11304712295532227,101.2814474105835,113.90529108047485,2505.2107610702515,41.287532806396484,53.81645154953003,32631208,519827112,569258600,,2000000,10000045950,1.5,1.5
8,6,6,40,false,in,288,48,0.17658519744873047,144.08000826835632,157.4700963497162,7046.646544456482,44.608691692352295,58.08749842643738,65278160,1039667408,1072602520,,4000000,20000031550,1.5,1.5
16,6,6,80,false,in,576,96,0.3509714603424072,234.32660555839539,248.91388726234436,22796.515206813812,54.91383647918701,69.60785841941833,130794600,2079573096,2150333944,,8000000,40000028600,1.5,1.5
32,6,6,160,false,in,1152,192,0.5636258125305176,410.31177139282227,432.16574692726135,79680.9174721241,94.52130627632141,119.1673493385315,262486040,4160092184,4765252408,,16000000,79999898700,1.5,1.5

