git,NUMBER_OF_NODES,TASKS_PER_NODE,THREADS_PER_TASK,SCALE,PLASTIC,RULE,NUM_VPS,num_tasks,T_nrns,T_conns_min,T_conns_max,T_conns_sum,T_ini_min,T_ini_max,VSize_nodes_sum,VSize_mem_sum,VSize_ini_sum,VSize_sum,N_nrns,N_conns_sum,d_min,d_max
GIT: (NEST heads/v2.20.0@37722d5e3),1,6,6,5,false,in,,6,0.34435057640075684,71.32416367530823,75.84688091278076,433.30250334739685,47.62421226501465,52.14900541305542,6818640,128666448,131736124,,500000,2500000000,1.5,1.5
GIT: (NEST heads/v2.20.0@37722d5e3),2,6,6,5,false,in,,12,0.2559802532196045,50.12954592704773,52.67274522781372,607.594988822937,23.524206399917603,26.072204113006592,12657236,133909076,138578756,,500000,2500000000,1.5,1.5
GIT: (NEST heads/v2.20.0@37722d5e3),4,6,6,5,false,in,,24,0.21381640434265137,38.90491461753845,40.333576917648315,945.2830746173859,12.937575340270996,14.450407266616821,24211540,144105556,160948788,,500000,2500000000,1.5,1.5
GIT: (NEST heads/v2.20.0@37722d5e3),8,6,6,5,false,in,,48,0.23154830932617188,33.418015241622925,34.361173152923584,1621.1676697731018,7.872209787368774,8.80782151222229,47345196,168971820,190667508,,500000,2500000000,1.5,1.5
GIT: (NEST heads/v2.20.0@37722d5e3),16,6,6,5,false,in,,96,0.19971537590026855,30.75370764732361,31.468652963638306,2980.301528453827,4.671456813812256,6.314483165740967,92888868,208789284,249960628,,500000,2500000000,1.5,1.5
GIT: (NEST heads/v2.20.0@37722d5e3),32,6,6,5,false,in,,192,0.24753212928771973,29.517395734786987,30.34997296333313,5718.774741649628,2.990739107131958,4.0518128871917725,186625428,296529300,390095028,,500000,2500000000,1.5,1.5
GIT: (NEST heads/v2.20.0@37722d5e3),64,6,6,5,false,in,,384,0.22664713859558105,28.974047660827637,29.78919506072998,11231.404130458832,1.8449773788452148,3.1923484802246094,374012276,491878772,646361012,,500000,2500000000,1.5,1.5
GIT: (NEST heads/v2.20.0@37722d5e3),128,6,6,5,false,in,,768,0.3055460453033447,27.40728998184204,28.31198000907898,21298.17407822609,1.1900935173034668,2.2609574794769287,742878004,864512820,1086736308,,500000,2500000000,1.5,1.5

