git,NUMBER_OF_NODES,TASKS_PER_NODE,THREADS_PER_TASK,SCALE,PLASTIC,RULE,NUM_VPS,num_tasks,T_nrns,T_conns_min,T_conns_max,T_conns_sum,T_ini_min,T_ini_max,VSize_nodes_sum,VSize_mem_sum,VSize_ini_sum,VSize_sum,N_nrns,N_conns_sum,d_min,d_max
GIT: (NEST heads/v2.20.0@37722d5e3),1,6,6,4,false,in,36,6,0.2729489803314209,45.332982540130615,48.684770584106445,276.89388704299927,29.34518551826477,32.630472898483276,6646608,81136464,83891260,,400000,1600000000,1.5,1.5
GIT: (NEST heads/v2.20.0@37722d5e3),2,6,6,8,false,in,72,12,0.3198232650756836,80.45165467262268,84.28727698326111,976.9061286449432,38.26592397689819,42.09867858886719,13412948,191982164,221019168,,800000,4000004950,1.5,1.5
GIT: (NEST heads/v2.20.0@37722d5e3),4,6,6,16,false,in,144,24,0.44129109382629395,126.06875467300415,130.62430381774902,3054.860771417618,41.1332151889801,45.69103264808655,26828884,383967316,453569512,,1600000,7999985400,1.5,1.5
GIT: (NEST heads/v2.20.0@37722d5e3),8,6,6,32,false,in,288,48,0.663837194442749,210.20128655433655,216.4320125579834,10191.948288917542,48.09963536262512,54.64713978767395,53661228,767950380,887655156,,3200000,16000035350,1.5,1.5
GIT: (NEST heads/v2.20.0@37722d5e3),16,6,6,64,false,in,576,96,0.940669059753418,396.80289363861084,407.939083814621,38433.620951890945,64.05370616912842,75.21528816223145,107560740,1536114468,1811175604,,6400000,31999981650,1.5,1.5
GIT: (NEST heads/v2.20.0@37722d5e3),32,6,6,128,false,in,1152,192,1.4251811504364014,763.5925657749176,785.5901424884796,148069.66128206253,94.55517506599426,116.64357089996338,216018324,3073125780,3722286516,,12800000,63999991000,1.5,1.5

