git,NUMBER_OF_NODES,TASKS_PER_NODE,THREADS_PER_TASK,SCALE,PLASTIC,RULE,NUM_VPS,num_tasks,T_nrns,T_conns_min,T_conns_max,T_conns_sum,T_ini_min,T_ini_max,VSize_nodes_sum,VSize_mem_sum,VSize_ini_sum,VSize_sum,N_nrns,N_conns_sum,d_min,d_max
,1,6,6,10,false,in,,6,,,,,,,,,,,,,,
GIT: (NEST colocate_syn@6885724bb),2,6,6,10,false,in,,12,0.244648456573,72.659532547,82.0312485695,893.248695135,75.811542511,85.1562817097,21653444,265250756,274011548,,1000000,4999996550,1.5,1.5
GIT: (NEST colocate_syn@6885724bb),4,6,6,10,false,in,,24,0.208257675171,46.9229815006,52.0220050812,1149.45159173,37.7981061935,42.9026315212,40557364,283417396,307109140,,1000000,5000019100,1.5,1.5
GIT: (NEST colocate_syn@6885724bb),8,6,6,10,false,in,,48,0.214240550995,34.0960481167,37.1120722294,1662.92860389,20.4174799919,23.5176942348,79873004,319407084,360894644,,1000000,5000014800,1.5,1.5
GIT: (NEST colocate_syn@6885724bb),16,6,6,10,false,in,,96,0.249267101288,28.1149494648,29.9463875294,2735.89402795,10.8551619053,12.6788909435,157977252,392678052,462709812,,1000000,4999982250,1.5,1.5
GIT: (NEST colocate_syn@6885724bb),32,6,6,10,false,in,,192,0.686275959015,24.8547632694,26.8531494141,4826.53715634,5.7667620182,7.7807970047,313853076,544769172,719402932,,1000000,5000009200,1.5,1.5
GIT: (NEST colocate_syn@6885724bb),64,6,6,10,false,in,,384,0.195104122162,23.0328485966,24.6649603844,8955.1852777,4.78883814812,6.43025064468,630302580,884516724,1147497908,,1000000,4999988950,1.5,1.5
GIT: (NEST colocate_syn@6885724bb),128,6,6,10,false,in,,768,6.83870482445,21.8663301468,23.8197472095,16986.107142,2.58663272858,4.59354543686,1255262004,1472759604,1870478260,,1000000,5000043150,1.5,1.5

