git,NUMBER_OF_NODES,TASKS_PER_NODE,THREADS_PER_TASK,SCALE,PLASTIC,RULE,NUM_VPS,num_tasks,T_nrns,T_conns_min,T_conns_max,T_conns_sum,T_ini_min,T_ini_max,T_sim,T_sim_max,N_spks_sum,VSize_nodes_sum,VSize_mem_sum,VSize_ini_sum,VSize_sum,N_nrns,N_conns_sum,d_min,d_max
,1,6,6,10,false,in,,6,,,,,,,,,,,,,,,,,
GIT: (master@caaf06324),2,6,6,10,false,in,,12,0.6197986602783203,75.09408760070801,83.63129878044128,920.0932490825653,79.79619765281677,88.31305170059204,,,,22454948,265880228,274641012,,1000000,4999990900,1.5,1.5
GIT: (master@caaf06324),4,6,6,10,false,in,,24,0.0572209358215332,48.88846731185913,55.86147952079773,1198.2730045318604,39.136030197143555,46.12088418006897,,,,42356980,284676340,308695764,,1000000,5000018050,1.5,1.5
GIT: (master@caaf06324),8,6,6,10,false,in,,48,0.07869458198547363,35.660502433776855,39.33102107048035,1738.609028339386,19.986350297927856,23.66112732887268,,,,83341164,321924972,363478068,,1000000,4999996200,1.5,1.5
GIT: (master@caaf06324),16,6,6,10,false,in,,96,0.2455005645751953,29.53811025619507,31.530158042907715,2870.5270867347717,10.999661684036255,12.996849060058594,,,,165175716,405578148,472824628,,1000000,4999998600,1.5,1.5
GIT: (master@caaf06324),32,6,6,10,false,in,,192,0.08538937568664551,26.22903847694397,27.566909790039062,5088.8628306388855,5.95756459236145,7.356685638427734,,,,329773716,554840724,729490868,,1000000,4999982550,1.5,1.5
GIT: (master@caaf06324),64,6,6,10,false,in,,384,0.3925609588623047,24.40617346763611,25.53216528892517,9464.992901802063,4.368303537368774,5.510439872741699,,,,658887540,904659828,1177364916,,1000000,5000028150,1.5,1.5
GIT: (master@caaf06324),128,6,6,10,false,in,,768,1.4312565326690674,23.21301817893982,24.322768449783325,18029.011981725693,2.3313448429107666,3.483600378036499,,,,1311067956,1525579572,1950612404,,1000000,5000081250,1.5,1.5

