git,NUMBER_OF_NODES,TASKS_PER_NODE,THREADS_PER_TASK,SCALE,PLASTIC,RULE,NUM_VPS,num_tasks,T_nrns,T_conns_min,T_conns_max,T_conns_sum,T_ini_min,T_ini_max,VSize_nodes_sum,VSize_mem_sum,VSize_ini_sum,VSize_sum,N_nrns,N_conns_sum,d_min,d_max
GIT: (NEST colocate_syn@6885724bb),1,6,6,4,false,in,36,6,0.19772028923,38.9079942703,45.6590418816,240.57731986,48.3639688492,55.0787012577,10476552,82590216,87311076,,400000,1600000000,1.5,1.5
GIT: (NEST colocate_syn@6885724bb),2,6,6,8,false,in,72,12,0.199241876602,58.0964307785,65.5583260059,714.361333609,62.1017484665,69.5794222355,21075908,227305412,228096396,,800000,4000004350,1.5,1.5
GIT: (NEST colocate_syn@6885724bb),4,6,6,16,false,in,144,24,0.236724376678,75.0547225475,83.4301257133,1837.61167908,60.4740724564,68.8587496281,42154804,454613812,468778692,,1600000,7999984250,1.5,1.5
GIT: (NEST colocate_syn@6885724bb),8,6,6,32,false,in,288,48,0.302570343018,109.143455267,119.35022974,5327.55428505,60.8149280548,71.0481362343,84313068,909231084,935874740,,3200000,16000014200,1.5,1.5
GIT: (NEST colocate_syn@6885724bb),16,6,6,64,false,in,576,96,0.392280340195,179.767834425,190.152348757,17461.4866908,65.5093421936,75.9211359024,168864420,1818700452,1873560628,,6400000,31999949950,1.5,1.5
GIT: (NEST colocate_syn@6885724bb),32,6,6,128,false,in,1152,192,0.587319135666,318.219147205,337.136170387,61702.912441,79.4748666286,98.4516272545,338625684,3638346900,3748018100,,12800000,63999933750,1.5,1.5

