git,NUMBER_OF_NODES,TASKS_PER_NODE,THREADS_PER_TASK,num_tasks,NUM_VPS,SCALE,PLASTIC,T_nrns,T_conns_min,T_conns_max,T_conns_sum,T_ini_min,T_ini_max,T_equ,T_sim,VSize_nodes_sum,VSize_mem_sum,VSize_ini_sum,VSize_sum,N_spks_sum,Rate_sum,N_nrns,N_conns_sum,d_min,d_max
GIT: (perf_iss@a9f994b4b),1,6,6,6,36,20,true,0.38,55.55,59.94,338.17,80.99,85.38,15.25,205.75,4991976,108260328,108813408,108967008,1582068,7.0649999999999995,225000,2531476000,1.5,1.5
GIT: (perf_iss@a9f994b4b),2,6,6,12,72,40,true,0.38,55.5,62.81,683.53,80.77,88.1,14.98,210.78,10189700,216640388,218053748,218360948,3161188,6.989999999999999,450000,5062951000,1.5,1.5
GIT: (perf_iss@a9f994b4b),4,6,6,24,144,80,true,0.39,55.66,62.71,1364.3700000000001,82.17,89.21,15.29,212.18,20382388,433283764,449891476,449891476,6230342,6.802000000000001,900000,10125901000,1.5,1.5
GIT: (perf_iss@a9f994b4b),8,6,6,48,288,160,true,0.37,56.15,63.43,2750.22,84.73,92.02,16.34,224.63,40768236,866570988,901466036,901466036,12497130,6.854000000000001,1800000,20251801000,1.5,1.5
GIT: (perf_iss@a9f994b4b),16,6,6,96,576,320,true,0.37,57.06,64.86,5609.8899999999985,89.28,97.09,17.7,242.07,81750180,1733355684,1857722932,1857722932,24809067,6.836999999999999,3600000,40503601000,1.5,1.5
GIT: (perf_iss@a9f994b4b),32,6,6,192,1152,640,true,,,,,,,,,,,,,,,,,,

