git,NUMBER_OF_NODES,TASKS_PER_NODE,THREADS_PER_TASK,num_tasks,NUM_VPS,SCALE,PLASTIC,T_nrns,T_conns_min,T_conns_max,T_conns_sum,T_ini_min,T_ini_max,T_equ,T_sim,VSize_nodes_sum,VSize_mem_sum,VSize_ini_sum,VSize_sum,N_spks_sum,Rate_sum,N_nrns,N_conns_sum,d_min,d_max
GIT: (perf_iss@48b5f0420),1,6,6,6,36,20,true,0.38,55.64,60.09,338.78999999999996,79.98,84.43,14.95,201.6,4991976,108260328,108874848,108967008,1582068,7.065,225000,2531476000,1.5,1.5
GIT: (perf_iss@48b5f0420),2,6,6,12,72,40,true,0.38,55.48,62.59,681.2700000000001,80.58,87.69,15.02,210.31,10189700,216640388,218084468,218330228,3161188,6.989999999999999,450000,5062951000,1.5,1.5
GIT: (perf_iss@48b5f0420),4,6,6,24,144,80,true,0.38,55.65,62.63,1366.2199999999998,81.45,88.44,15.22,212.82,20382388,433283764,450038932,450038932,6230342,6.802,900000,10125901000,1.5,1.5
GIT: (perf_iss@48b5f0420),8,6,6,48,288,160,true,0.38,56.22,63.38,2750.379999999999,85.73,92.88,16.23,224.31,40768236,866570988,901312436,901312436,12497130,6.853999999999999,1800000,20251801000,1.5,1.5
GIT: (perf_iss@48b5f0420),16,6,6,96,576,320,true,0.37,57.06,64.68,5608.770000000001,89.68,97.3,17.84,244.78,81750180,1733355684,1858216500,1858740788,24809067,6.837,3600000,40503601000,1.5,1.5
GIT: (perf_iss@48b5f0420),32,6,6,192,1152,640,true,,,,,,,,,,,,,,,,,,

