git,NUMBER_OF_NODES,TASKS_PER_NODE,NUM_VPS,THREADS_PER_TASK,SCALE,NUM_VPS,num_tasks,T_network_local,T_network_global_min,T_network_global_max,T_network_global_sum,T_create_min,T_create_max,T_create_sum,T_connect_max,T_connect_min,T_connect_sum,T_ini_min,T_ini_max,T_sim,VSize_sum,VSize_ini_sum,VSize_net_sum,N_spks_sum,N_nrns,N_conns_sum
,32,6,,6,1,,192,,,,,,,,,,,,,,,,,,,
,48,6,,6,1,,288,315.476084232,275.143532991,811.518921137,93178.1394591,150.226422787,487.720437288,83737.5094559,52.3334498405,18.8683683872,7280.30346823,37.7519459724,37.7713627815,3842.28848195,2156732344,2156732344,1754137912,21996033,4130180,24134776576
,64,6,,6,1,,384,371.701184988,275.554624319,714.290476084,128059.742625,127.179651976,477.732190847,101702.503894,46.9231898785,17.0698666573,8863.36260772,37.2609708309,37.2852807045,3575.84835124,2484879788,2484879788,2015070432,21963393,4130180,24134776576
,80,6,,6,1,,480,,,,,,,,,,,,,,,,,,,
,96,6,,6,1,,576,,,,,,,,,,,,,,,,,,,

