git,NUMBER_OF_NODES,TASKS_PER_NODE,NUM_VPS,THREADS_PER_TASK,SCALE,NUM_VPS,num_tasks,T_network_local,T_network_global_min,T_network_global_max,T_network_global_sum,T_create_min,T_create_max,T_create_sum,T_connect_max,T_connect_min,T_connect_sum,T_ini_min,T_ini_max,T_sim,VSize_sum,VSize_ini_sum,VSize_net_sum,N_spks_sum,N_nrns,N_conns_sum
,32,6,,6,1,,192,37.0498661995,26.6059157848,82.6609179974,5920.33407117,16.7204389572,31.9063637257,3702.09872818,55.4013853073,18.7784078121,5049.99110246,47.0,47.0195610523,3730.78842664,1927751276,1927751276,1553088440,21986235,4130179,24134776576
,48,6,,6,1,,288,31.0418560505,26.0062229633,82.4549970627,9026.01409926,16.432451725,33.4943192005,5490.12024689,40.4097847939,13.5576579571,5414.06721091,40.18,40.2041530609,3571.50555038,1999116380,1999116380,1547754760,22017770,4130179,24134776576
,64,6,,6,1,,384,28.1463384628,25.9681603909,83.5332889557,12452.7743565,16.332460165,32.9139969349,7314.37387753,32.4673407078,11.092154026,6018.35386229,41.4,41.4228825569,4357.92736053,2302527820,2302527820,1729466260,21928175,4130179,24134776576
,80,6,,6,1,,480,,,,,,,,,,,,,,,,,,,
,96,6,,6,1,,576,25.9000675678,26.578,113.080598593,18577.1326032,16.1921417713,33.7833821774,10706.9334207,24.8895764351,8.70786166191,6922.60085249,37.6696407795,37.6890647411,4481.36289024,2731305872,2731305872,1999599088,21960831,4130179,24134776576

