git,NUMBER_OF_NODES,TASKS_PER_NODE,NUM_VPS,THREADS_PER_TASK,SCALE,NUM_VPS,num_tasks,T_network_local,T_network_global_min,T_network_global_max,T_network_global_sum,T_create_min,T_create_max,T_create_sum,T_connect_max,T_connect_min,T_connect_sum,T_ini_min,T_ini_max,T_sim,VSize_sum,VSize_ini_sum,VSize_net_sum,N_spks_sum,N_nrns,N_conns_sum
,1,6,36,6,0.0625,36,6,38.8250756264,19.9736628532,41.0498120785,149.08831954,1.70266461372,4.71283173561,14.081362009,77.1467123032,34.1323916912,283.144517899,26.0035052299,26.0121748447,458.550728083,94057832,94057832,90955888,27292945,258257,1508419407
,2,6,72,6,0.125,72,12,37.34121418,20.0796909332,59.5910680294,344.640624046,2.75247621536,8.05148744583,49.983910799,85.2416334152,34.2855343819,592.33451438,28.4163181782,28.4205613136,453.663140297,189278948,189278948,182259760,49983166,516390,3016843251
,4,6,144,6,0.25,144,24,42.2282054424,22.0906991959,48.1643824577,689.032937527,4.82520437241,12.9282050133,146.459502459,83.0014591217,34.0915374756,1084.59032297,31.9545481205,31.9637541771,594.291363239,396711536,396711536,364421512,87696554,1032642,6033690822
,8,6,288,6,0.5,288,48,106.271117926,2.0,52.4943568707,1247.23995638,9.0261528492,23.71875453,549.191311121,86.0613718033,34.2270102501,2239.62562275,42.6403462887,42.6773486137,834.36402297,825573180,825573180,728769200,11118152,2065150,12067386057
,16,6,576,6,1.0,576,96,54.0612077713,0.769230127335,74.7086410522,2871.26137316,17.4261445999,35.7696094513,1984.12118077,90.0945715904,34.5085568428,4539.62694645,56.4791548252,56.5317807198,2302.28920269,1553124084,1553124084,1502158644,21949786,4130179,24134776576
,32,6,1152,6,2.0,1152,192,141.76291,0.612283945084,416626.0,424148.551739,34.2355885506,57.8443894386,7391.955616,98.6837835312,36.0393128395,9757.44748497,6.0,67.5817742348,4564.03717971,3503690012,3503690012,3004606936,43843003,8260233,48269557645

