git,NUMBER_OF_NODES,TASKS_PER_NODE,NUM_VPS,THREADS_PER_TASK,SCALE,NUM_VPS,num_tasks,T_network_local,T_network_global_min,T_network_global_max,T_network_global_sum,T_create_min,T_create_max,T_create_sum,T_connect_max,T_connect_min,T_connect_sum,T_ini_min,T_ini_max,T_sim,VSize_sum,VSize_ini_sum,VSize_net_sum,N_spks_sum,N_nrns,N_conns_sum
,32,6,,6,1,,192,32.3427648544,25.3090310097,79.01736,5783.21934722,16.7550792694,34.495228529,3857.01237655,47.4541306496,13.3527507782,4040.77117682,46.4336190224,46.4461610317,4129.06469083,1934131904,1934131904,1553243120,21986235,4130179,24134776576
,48,6,,6,1,,288,27.568128109,24.996,78.2242391,8581.03161439,16.5534753799,33.3687460423,5499.3299334,34.3512876034,9.89728617668,4221.71486473,41.41,41.4273478985,3953.5186584,1994318676,1994318676,1546448924,22017770,4130179,24134776576
,64,6,,6,1,,384,25.8108761311,25.2566542625,79.7977576256,11616.2540051,16.4788036346,32.8510072231,7252.92812991,27.3899652958,8.23973298073,4551.89809465,38.5298326015,38.5485317707,4382.1566956,2304119072,2304119072,1730500352,21928175,4130179,24134776576
,80,6,,6,1,,480,24.4159207344,25.5892782211,84.2419536114,14382.7407443,16.4141237736,32.136398077,8917.98709893,23.7963991165,7.32809448242,4945.74469614,38.14,38.1640160084,4364.94636583,2532328716,2532328716,1871770600,21981306,4130179,24134776576
,96,6,,6,1,,576,,,,,,,,,,,,,,,,,,,

