git,NUMBER_OF_NODES,TASKS_PER_NODE,THREADS_PER_TASK,SCALE,PLASTIC,RULE,NUM_VPS,num_tasks,T_nrns,T_conns_min,T_conns_max,T_conns_sum,T_ini_min,T_ini_max,VSize_nodes_sum,VSize_mem_sum,VSize_ini_sum,VSize_sum,N_nrns,N_conns_sum,d_min,d_max
,1,6,6,5,false,in,36,6,0.0480487346649,31.0058996677,73.9583473206,245.2734797,43.7890825272,86.7791919708,6452552,126215496,130153968,,500000,2500000000,1.5,1.5
,2,6,6,10,false,in,72,12,0.105622053146,36.4166953564,101.143075466,675.515084505,47.119165659,111.975312471,13263412,252576308,261769232,,1000000,5000023050,1.5,1.5
,4,6,6,20,false,in,144,24,0.155840158463,45.1935777664,136.110736609,1624.1993463,51.9266610146,143.001406431,26882012,504934364,552030240,,2000000,9999989850,1.5,1.5
,8,6,6,40,false,in,288,48,0.874009132385,62.8237278461,185.994556904,4373.79988909,59.477669239,182.971101761,52449264,1010001904,1061863488,,4000000,19999928600,1.5,1.5
,16,6,6,80,false,in,576,96,0.661151409149,98.2989020348,329.072163343,14436.1882505,63.6198730469,294.927500725,104624096,2020052960,2127352192,,8000000,39999921600,1.5,1.5
,32,6,6,160,false,in,1152,192,1.41438913345,166.156727552,545.723614454,47515.5136073,85.7253854275,466.299032927,212467424,4041637600,4726379944,,16000000,80000020100,1.5,1.5

