git,NUMBER_OF_NODES,TASKS_PER_NODE,THREADS_PER_TASK,SCALE,PLASTIC,RULE,NUM_VPS,num_tasks,T_nrns,T_conns_min,T_conns_max,T_conns_sum,T_ini_min,T_ini_max,T_sim,T_sim_max,N_spks_sum,VSize_nodes_sum,VSize_mem_sum,VSize_ini_sum,VSize_sum,N_nrns,N_conns_sum,d_min,d_max
(master@84ea0f7),1,6,6,4,false,in,36,6,0.07022404670715332,16.44436001777649,34.37155842781067,133.60126972198486,27.70440411567688,45.631611347198486,24.21240210533142,24.212496995925903,0,6211988,78514580,81206816,81206816,400001,1600400000,1.0,1.5
(master@84ea0f7),2,6,6,8,false,in,72,12,0.14135408401489258,24.210872173309326,69.80743217468262,416.412184715271,45.79016447067261,91.402184009552,79.53664207458496,79.54247856140137,0,12473976,214359672,223160432,223160432,800001,4000792100,1.0,1.5
(master@84ea0f7),4,6,6,16,false,in,144,24,0.40113353729248047,30.614039659500122,94.22205185890198,1106.1851966381073,47.25555777549744,110.89441561698914,103.30970740318298,103.30977654457092,0,25189616,428866800,461279456,461279456,1600001,8001615400,1.0,1.5
(master@84ea0f7),8,6,6,32,false,in,288,48,0.41222381591796875,44.83345174789429,135.54607605934143,3274.8195321559906,54.01382112503052,144.7872018814087,210.66036462783813,210.66291046142578,0,50317568,857110784,963617416,963617416,3200001,16003181150,1.0,1.5
(master@84ea0f7),16,6,6,64,false,in,576,96,0.7810397148132324,73.87693548202515,233.51193761825562,10603.560082435608,58.96203541755676,218.69390201568604,261.26331424713135,261.2650272846222,0,100549624,1714885624,1937805540,1937805540,6400001,32006372150,1.0,1.5
(master@84ea0f7),32,6,6,128,false,in,1152,192,1.99336576461792,130.58006596565247,408.2262089252472,36916.466371536255,82.252201795578,359.9592025279999,344.74456763267517,344.7530605792999,0,200074576,3430245712,3944606192,3944606192,12800001,64012733200,1.0,1.5

