git,NUMBER_OF_NODES,TASKS_PER_NODE,THREADS_PER_TASK,SCALE,PLASTIC,RULE,NUM_VPS,num_tasks,T_nrns,T_conns_min,T_conns_max,T_conns_sum,T_ini_min,T_ini_max,T_sim,T_sim_max,N_spks_sum,VSize_nodes_sum,VSize_mem_sum,VSize_ini_sum,VSize_sum,N_nrns,N_conns_sum,d_min,d_max
(NEST,1,6,6,4,false,in,36,6,0.13596010208129883,21.141549825668335,43.97057390213013,162.71559500694275,22.17733860015869,45.00639772415161,30.96435260772705,30.96435260772705,0,5415936,78210064,81813060,81813060,400002,1600400000,1.0,1.5
(NEST,2,6,6,8,false,in,72,12,0.32439470291137695,37.29614186286926,109.1778347492218,666.1988346576691,31.581204652786255,103.46698832511902,34.15072822570801,34.15144991874695,0,11805660,192425308,220098288,220098288,800002,4000792050,1.0,1.5
(NEST,4,6,6,16,false,in,144,24,0.4041178226470947,57.337069034576416,145.0044229030609,1856.5190284252167,37.500895977020264,125.17654514312744,48.81616425514221,48.81616425514221,0,23579324,384849596,455410384,455410384,1600002,8001588450,1.0,1.5
(NEST,8,6,6,32,false,in,288,48,0.9565763473510742,97.6017541885376,294.58464765548706,6585.495163202286,38.77091932296753,235.76491904258728,45.77122163772583,45.78587794303894,0,47365608,769803816,881904976,881904976,3200002,16003228350,1.0,1.5
(NEST,16,6,6,64,false,in,576,96,1.1737945079803467,180.13415122032166,548.4048662185669,22511.517505168915,41.54867696762085,409.90745997428894,43.46239256858826,43.507402658462524,0,94099212,1539717828,1818260008,1818260008,6400002,32006384050,1.0,1.5
(NEST,32,6,6,128,false,in,1152,192,2.1831836700439453,343.734148979187,842.1019902229309,82487.51614522934,61.37284207344055,559.7284407615662,50.11461329460144,50.13818693161011,0,188230140,3081015060,3635310592,3635310592,12800002,64012877300,1.0,1.5

