git,NUMBER_OF_NODES,TASKS_PER_NODE,THREADS_PER_TASK,SCALE,PLASTIC,RULE,NUM_VPS,num_tasks,T_nrns,T_conns_min,T_conns_max,T_conns_sum,T_ini_min,T_ini_max,VSize_nodes_sum,VSize_mem_sum,VSize_ini_sum,VSize_sum,N_nrns,N_conns_sum,d_min,d_max
(master@f1c0bcf),1,6,6,5,false,in,36,6,0.0712976455688,26.4815602303,71.8761224747,228.84787631,49.7376046181,95.1667714119,6123844,126214468,130153992,,500000,2500000000,1.5,1.5
(master@f1c0bcf),2,6,6,10,false,in,72,12,0.0907959938049,31.3558528423,90.3998088837,513.831184864,44.6271805763,103.752460241,13067680,252593568,264415296,,1000000,5000004400,1.5,1.5
(master@f1c0bcf),4,6,6,20,false,in,144,24,1.61296510696,39.771137476,117.296121836,1451.54245591,55.7710533142,133.424222469,26423356,505344060,552439936,,2000000,9999981750,1.5,1.5
(master@f1c0bcf),8,6,6,40,false,in,288,48,0.728449583054,57.4141361713,163.095911741,4025.38740253,54.6981589794,160.711319923,52132016,1009973424,1059205376,,4000000,19999989650,1.5,1.5
(master@f1c0bcf),16,6,6,80,false,in,576,96,0.292762041092,93.1519527435,296.605448246,13778.3242962,62.5496020317,266.588594675,104631284,2020469748,2124534272,,8000000,40000057650,1.5,1.5
(master@f1c0bcf),32,6,6,160,false,in,1152,192,2.58779478073,164.549907446,499.565387487,45067.7357872,86.1957917213,422.199156523,210971496,4041534312,4760174208,,16000000,79999862600,1.5,1.5

