git,NUMBER_OF_NODES,TASKS_PER_NODE,NUM_VPS,THREADS_PER_TASK,SCALE,NUM_VPS,num_tasks,T_network_local,T_network_global_min,T_network_global_max,T_network_global_sum,T_create_min,T_create_max,T_create_sum,T_connect_max,T_connect_min,T_connect_sum,T_ini_min,T_ini_max,T_sim,VSize_sum,VSize_ini_sum,VSize_net_sum,N_spks_sum,N_nrns,N_conns_sum
(librand@622ec32),1,6,36,6,0.0625,36,6,40.37266445159912,26.56342363357544,53.576560258865356,197.2152647972107,1.7016403675079346,4.489914417266846,15.47835659980774,83.05525779724121,31.38586163520813,301.24205136299133,33.463674783706665,33.46400499343872,559.0364384651184,93970128,93970128,93679524,25171262,258257,1508419407
(librand@622ec32),2,6,72,6,0.125,72,12,40.26096558570862,26.977800369262695,81.51137661933899,423.6803102493286,2.728005886077881,8.092268228530884,48.90113615989685,90.27499270439148,31.07943844795227,615.3774254322052,37.46040439605713,37.46065282821655,943.7897901535034,191989412,191989412,187622476,48927694,516390,3016843251
(librand@622ec32),4,6,144,6,0.25,144,24,42.47010540962219,28.71754288673401,80.80464553833008,915.9544813632965,4.794379472732544,14.106613159179688,170.0600619316101,92.46439838409424,31.150288820266724,1230.5003414154053,38.49334168434143,38.49388885498047,953.7103805541992,395839540,395839540,375228656,99732364,1032642,6033690822
(librand@622ec32),8,6,288,6,0.5,288,48,72.04170775413513,32.39674472808838,68.46093201637268,1439.3534262180328,8.940682649612427,20.773424863815308,532.3425180912018,91.53238582611084,32.27332067489624,2374.0152871608734,45.828203201293945,45.82856369018555,1442.7479944229126,825816980,825816980,750361576,11196493,2065150,12067386057
(librand@622ec32),16,6,576,6,1.0,576,96,58.98927044868469,38.82439827919006,117.30530905723572,4019.837048768997,17.249406337738037,34.78777575492859,1929.9659283161163,99.98095798492432,32.41423964500427,4800.085686683655,60.43973779678345,60.440781354904175,3291.13148522377,1550511700,1550511700,1500504816,21967030,4130179,24134776576
(librand@622ec32),32,6,1152,6,2.0,1152,192,76.212,52.938886642456055,155.5913643836975,9725.013828754425,33.99632024765015,58.39465856552124,7289.859009504318,106.81463432312012,34.30917525291443,10232.776507377625,68.24050116539001,68.24564838409424,3806.6658957004547,3488579832,3488579832,3001147984,43937103,8260233,48269557645

