git,NUMBER_OF_NODES,TASKS_PER_NODE,THREADS_PER_TASK,SCALE,NUM_VPS,hash,num_tasks,T_nrns,T_conns_avg,T_conns_min,T_conns_max,T_conns_sum,T_ini_min,T_ini_max,T_sim,VSize_nodes_sum,VSize_mem_sum,VSize_ini_sum,VSize_sum,N_spks_sum,N_nrns,N_conns_sum
GIT: (heads/v2.20.0@37722d5e3),1,6,6,0.0625,36,acd429db3b9ab17b5f5391184e500dc6,6,0.76,152.99833333333333,152.96,153.01,917.99,7.65,7.65,41.21,2211456,20941440,25410176,25410176,549184,77169,345444120
GIT: (heads/v2.20.0@37722d5e3),2,6,6,0.125,72,acd429db3b9ab17b5f5391184e500dc6,12,1.29,160.60750000000004,160.56,160.63,1927.2900000000004,7.85,7.87,49.39,5181620,44429492,52330676,52330676,1240493,154338,690993545
GIT: (heads/v2.20.0@37722d5e3),4,6,6,0.25,144,acd429db3b9ab17b5f5391184e500dc6,24,2.04,196.8083333333333,196.55,196.87,4723.4,9.06,9.11,69.31,12135700,93396244,112174356,112174356,2702899,308676,1381945495
GIT: (heads/v2.20.0@37722d5e3),8,6,6,0.5,288,acd429db3b9ab17b5f5391184e500dc6,48,3.69,283.9470833333334,283.29,284.02,13629.460000000003,10.63,10.67,127.17,32532396,169550284,222972084,222972084,5679137,617352,2763952967
GIT: (heads/v2.20.0@37722d5e3),16,6,6,1.0,576,acd429db3b9ab17b5f5391184e500dc6,96,7.8,456.6373958333332,456.3,456.77,43837.18999999999,13.36,13.44,230.54,106172964,352142948,492622900,492622900,10829717,1234704,5527862161
GIT: (heads/v2.20.0@37722d5e3),32,6,6,2.0,1152,acd429db3b9ab17b5f5391184e500dc6,192,20.8,821.063072916667,819.64,822.0,157644.11000000007,19.47,19.59,530.07,372446100,866554900,1308874676,1308874676,21698471,2469408,11055765712

