git,NUMBER_OF_NODES,TASKS_PER_NODE,THREADS_PER_TASK,SCALE,NUM_VPS,hash,num_tasks,T_nrns,T_conns_avg,T_conns_min,T_conns_max,T_conns_sum,T_ini_min,T_ini_max,T_sim,VSize_nodes_sum,VSize_mem_sum,VSize_ini_sum,VSize_sum,N_spks_sum,N_nrns,N_conns_sum
GIT: (master@d4d1b3f59),1,6,6,0.0625,36,acd429db3b9ab17b5f5391184e500dc6,6,0.93,174.551666667,174.45,174.58,1047.31,14.54,14.55,42.67,5080992,27199392,27961248,27961248,741970,77169,353503570
GIT: (master@d4d1b3f59),2,6,6,0.125,72,acd429db3b9ab17b5f5391184e500dc6,12,1.33,179.721666667,179.64,179.75,2156.66,12.35,12.37,51.69,10896116,55427828,57223924,57223924,1731795,154338,707098767
GIT: (master@d4d1b3f59),4,6,6,0.25,144,acd429db3b9ab17b5f5391184e500dc6,24,2.3,219.819166667,219.76,219.85,5275.66,13.1,13.15,82.7,23859604,117297556,125411732,125411732,3861825,308676,1414173402
GIT: (master@d4d1b3f59),8,6,6,0.5,288,acd429db3b9ab17b5f5391184e500dc6,48,4.13,319.555,318.9,319.65,15338.64,14.28,14.35,164.35,57946284,217930444,248209844,248209844,8005059,617352,2828496787
GIT: (master@d4d1b3f59),16,6,6,1.0,576,acd429db3b9ab17b5f5391184e500dc6,96,8.52,524.081979167,523.86,524.3,50311.87,16.15,16.31,319.15,156410916,448473188,560516660,560516660,15921630,1234704,5656975771
GIT: (master@d4d1b3f59),32,6,6,2.0,1152,acd429db3b9ab17b5f5391184e500dc6,192,21.95,954.423333333,953.3,955.17,183249.28,20.21,20.63,691.6,471545748,1059620884,1514032052,1514032052,32378440,2469408,11314024135

