git,NUMBER_OF_NODES,TASKS_PER_NODE,THREADS_PER_TASK,SCALE,NUM_VPS,hash,num_tasks,T_nrns,T_conns_avg,T_conns_min,T_conns_max,T_conns_sum,T_ini_min,T_ini_max,T_sim,VSize_nodes_sum,VSize_mem_sum,VSize_ini_sum,VSize_sum,N_spks_sum,N_nrns,N_conns_sum
GIT: (master@630a97265),1,6,6,0.0625,36,acd429db3b9ab17b5f5391184e500dc6,6,0.88,169.63000000000002,169.25,169.73,1017.7800000000001,12.84,12.85,43.37,5076600,27195000,27956856,27956856,741970,77169,353503570
GIT: (master@630a97265),2,6,6,0.125,72,acd429db3b9ab17b5f5391184e500dc6,12,1.31,176.56083333333333,176.48,176.59,2118.73,15.2,15.24,52.36,10887332,55419044,57610404,57610404,1731795,154338,707098767
GIT: (master@630a97265),4,6,6,0.25,144,acd429db3b9ab17b5f5391184e500dc6,24,2.23,222.13708333333332,222.03,222.19,5331.29,16.65,16.73,81.86,23842036,117279988,125299956,125299956,3861825,308676,1414173402
GIT: (master@630a97265),8,6,6,0.5,288,acd429db3b9ab17b5f5391184e500dc6,48,4.16,318.8447916666666,318.77,318.92,15304.549999999997,16.86,16.93,244.05,57911148,217895308,247804020,247804020,8005059,617352,2828496787
GIT: (master@630a97265),16,6,6,1.0,576,acd429db3b9ab17b5f5391184e500dc6,96,8.4,524.4467708333334,523.78,524.63,50346.89000000001,19.28,19.44,353.89,156340644,448286180,562676660,562676660,15921630,1234704,5656975771
GIT: (master@630a97265),32,6,6,2.0,1152,acd429db3b9ab17b5f5391184e500dc6,192,21.86,941.4488541666669,940.33,942.09,180758.18000000005,24.39,24.69,667.27,471405204,1059480340,1521946292,1521946292,32378440,2469408,11314024135

