git,NUMBER_OF_NODES,TASKS_PER_NODE,THREADS_PER_TASK,SCALE,NUM_VPS,num_tasks,T_nrns,T_conns_min,T_conns_max,T_conns_sum,T_ini_min,T_ini_max,VSize_nodes_sum,VSize_mem_sum,VSize_ini_sum,VSize_sum,N_nrns,N_conns_sum,d_min,d_max
GIT: (NEST master@54c206f7b),1,6,6,4,36,6,0.153193235397,181.929181814,183.400948524,1096.6405859,49.3553893566,50.8280546665,9658608,79114992,82629848,,200000,1600000000,1.0,5.0
GIT: (NEST master@54c206f7b),2,6,6,8,72,12,0.251708269119,254.695794344,256.024785519,3065.68146753,63.4205315113,64.7328267097,19584404,217012628,220396384,,400000,4000009800,1.0,5.0
GIT: (NEST master@54c206f7b),4,6,6,16,144,24,0.448581457138,248.241124868,248.683483601,5959.90474558,62.5068175793,62.9044938087,39171796,407848660,426919284,,800000,8000021200,1.0,5.0
GIT: (NEST master@54c206f7b),8,6,6,32,288,48,0.859550476074,282.794090509,283.03059411,13576.0940084,62.7877981663,62.9900891781,79035180,820579796,823825652,,1600000,15999930800,1.0,5.0
GIT: (NEST master@54c206f7b),16,6,6,64,576,96,1.64174008369,355.720994473,357.067146063,34217.4205647,63.7972035408,63.9758553505,161823012,1660935796,1673335220,,3200000,32000057600,1.0,5.0
GIT: (NEST master@54c206f7b),32,6,6,128,1152,192,3.10215187073,584.734775305,585.622470856,112297.11936,87.1808133125,87.4197392464,334766484,3646677940,3809293236,,6400000,64000023400,1.0,5.0

