git,NUMBER_OF_NODES,TASKS_PER_NODE,THREADS_PER_TASK,SCALE,NUM_VPS,num_tasks,T_nrns,T_conns_min,T_conns_max,T_conns_sum,T_ini_min,T_ini_max,VSize_nodes_sum,VSize_mem_sum,VSize_ini_sum,VSize_sum,N_nrns,N_conns_sum,d_min,d_max
GIT: (NEST syn_colocate@e782bff22),1,6,6,4,36,6,0.156407833099,206.940552711,207.549149752,1243.59962273,50.0231144428,50.6306011677,9658848,84343776,86317252,,200000,1600000000,1.0,5.0
GIT: (NEST syn_colocate@e782bff22),2,6,6,8,72,12,0.241053104401,290.991467476,291.622612715,3497.03032422,63.258616209,63.8915519714,19584884,198151028,205385288,,400000,3999983800,1.0,5.0
GIT: (NEST syn_colocate@e782bff22),4,6,6,16,144,24,0.440303564072,315.681090355,316.201432467,7579.66308117,62.7588326931,63.1936490536,39172756,370125460,394583104,,800000,8000069000,1.0,5.0
GIT: (NEST syn_colocate@e782bff22),8,6,6,32,288,48,0.825299501419,330.611341238,330.908941746,15873.4840136,64.3494653702,64.5668170452,79037100,745145684,773404020,,1600000,15999983600,1.0,5.0
GIT: (NEST syn_colocate@e782bff22),16,6,6,64,576,96,1.58244967461,357.70188117,358.010844946,34360.0984316,65.1135394573,65.2301902771,161826852,1510042996,1634382772,,3200000,32000182400,1.0,5.0
GIT: (NEST syn_colocate@e782bff22),32,6,6,128,1152,192,3.14935302734,521.467380285,522.649773598,100199.062715,81.8437139988,82.088902235,334774164,3350403764,3584898740,,6400000,63999846000,1.0,5.0

