git,NUMBER_OF_NODES,TASKS_PER_NODE,THREADS_PER_TASK,SCALE,PLASTIC,RULE,NUM_VPS,num_tasks,T_nrns,T_conns_min,T_conns_max,T_conns_sum,T_ini_min,T_ini_max,VSize_nodes_sum,VSize_mem_sum,VSize_ini_sum,VSize_sum,N_nrns,N_conns_sum,d_min,d_max
,1,6,6,10,,,,6,,,,,,,,,,,,,,
GIT: (NEST syn_colocate@e782bff22),2,6,6,10,,,,12,0.0554089546204,66.7777602673,81.1905708313,840.610072613,77.0994415283,91.5290958881,19585908,226342772,237921584,,500000,4999957600,1.0,5.0
GIT: (NEST syn_colocate@e782bff22),4,6,6,10,,,,24,0.0464622974396,36.7314636707,44.3326375484,928.295956135,39.710514307,47.3097617626,38386324,243743380,271301748,,500000,4999988600,1.0,5.0
GIT: (NEST syn_colocate@e782bff22),8,6,6,10,,,,48,0.0498487949371,21.8396711349,25.3839118481,1082.63879824,20.2743523121,23.8123524189,75915948,284099244,346820468,,500000,5000004800,1.0,5.0
GIT: (NEST syn_colocate@e782bff22),16,6,6,10,,,,96,0.0667622089386,14.2140448093,16.0699768066,1403.73748279,11.7370426655,13.6155357361,150571044,353519652,446849460,,500000,5000034400,1.0,5.0
GIT: (NEST syn_colocate@e782bff22),32,6,6,10,,,,192,0.140226125717,10.5970625877,11.5313186646,2071.1327157,8.18069028854,9.12317156792,301989780,529366932,644985524,,500000,5000053800,1.0,5.0
GIT: (NEST syn_colocate@e782bff22),64,6,6,10,,,,384,0.0230960845947,8.71117663383,9.27401280403,3386.42741251,4.34112524986,4.90514993668,606575988,814390644,1019945908,,500000,4999999200,1.0,5.0
GIT: (NEST syn_colocate@e782bff22),128,6,6,10,,,,768,0.0756039619446,7.57552599907,8.21556472778,5908.51169348,2.20184659958,2.86212110519,1197978420,1423684404,1694570420,,500000,5000005800,1.0,5.0

