git,NUMBER_OF_NODES,TASKS_PER_NODE,THREADS_PER_TASK,SCALE,PLASTIC,RULE,NUM_VPS,num_tasks,T_nrns,T_conns_min,T_conns_max,T_conns_sum,T_ini_min,T_ini_max,VSize_nodes_sum,VSize_mem_sum,VSize_ini_sum,VSize_sum,N_nrns,N_conns_sum,d_min,d_max
,1,6,6,10,,,,6,,,,,,,,,,,,,,
GIT: (NEST master@d4d1b3f59),2,6,6,10,,,,12,0.193152666092,70.6457452774,72.9060237408,854.104162216,75.2856602669,77.546274662,20534660,227304836,239932244,,500000,4999993200,1.0,5.0
GIT: (NEST master@d4d1b3f59),4,6,6,10,,,,24,0.183285713196,46.455852747,48.3267524242,1125.48929548,38.3525316715,40.2266454697,40064692,245667508,268376212,,500000,5000023200,1.0,5.0
GIT: (NEST master@d4d1b3f59),8,6,6,10,,,,48,6.35871386528,34.3989014626,35.6540818214,1667.32115483,19.9812707901,21.9505689144,78879468,287947500,350668724,,500000,4999978400,1.0,5.0
GIT: (NEST master@d4d1b3f59),16,6,6,10,,,,96,1.62094736099,28.6989541054,29.7359902859,2778.60725617,11.8250808716,12.843470335,156498084,361216164,456708660,,500000,5000035200,1.0,5.0
GIT: (NEST master@d4d1b3f59),32,6,6,10,,,,192,1.97076225281,25.6903691292,26.6807348728,4980.24245572,8.08244967461,9.11109519005,313843860,537510036,711857076,,500000,5000009600,1.0,5.0
GIT: (NEST master@d4d1b3f59),64,6,6,10,,,,384,1.44114255905,23.9978964329,26.1639285088,9305.09852457,4.39351391792,6.56587362289,630284148,838885236,1078281652,,500000,4999997600,1.0,5.0
GIT: (NEST master@d4d1b3f59),128,6,6,10,,,,768,14.294298172,22.90904212,24.2388923168,17756.0479293,2.51783919334,3.85494065285,1245394740,1472673588,1858427828,,500000,4999992000,1.0,5.0

