git,NUMBER_OF_NODES,TASKS_PER_NODE,THREADS_PER_TASK,SCALE,NUM_VPS,num_tasks,T_nrns,T_conns_min,T_conns_max,T_conns_sum,T_ini_min,T_ini_max,VSize_nodes_sum,VSize_mem_sum,VSize_ini_sum,VSize_sum,N_nrns,N_conns_sum,d_min,d_max
GIT: (NEST syn_colocate@e782bff22),1,6,6,4,36,6,0.063915014267,40.7691571712,49.6614670753,256.446126461,49.6251161098,58.5123138428,9658848,82108896,82504400,,200000,1600000000,1.0,5.0
GIT: (NEST syn_colocate@e782bff22),2,6,6,8,72,12,0.0384712219238,53.5210075378,64.1901366711,670.292283058,61.0534343719,71.719689846,19438964,193314164,199610180,,400000,3999985800,1.0,5.0
GIT: (NEST syn_colocate@e782bff22),4,6,6,16,144,24,0.0574564933777,59.0858781338,70.8882687092,1488.06568074,63.2778718472,75.0651016235,38877844,386628244,419143224,,800000,8000010400,1.0,5.0
GIT: (NEST syn_colocate@e782bff22),8,6,6,32,288,48,0.0893919467926,69.8622634411,81.4263398647,3465.0474565,62.8639576435,74.4010279179,77759148,773259948,796757876,,1600000,16000029800,1.0,5.0
GIT: (NEST syn_colocate@e782bff22),16,6,6,64,576,96,0.206546068192,91.3257215023,102.852893829,8979.32417822,64.7956449986,76.3340671062,155732004,1546758180,1593754036,,3200000,32000139400,1.0,5.0
GIT: (NEST syn_colocate@e782bff22),32,6,6,128,1152,192,0.276770830154,135.506493568,147.387566328,26445.4715879,69.923579216,81.78870821,312360852,3094462356,3267310260,,6400000,63999947800,1.0,5.0

