git,NUMBER_OF_NODES,TASKS_PER_NODE,THREADS_PER_TASK,num_tasks,NUM_VPS,SCALE,PLASTIC,T_nrns,T_conns_min,T_conns_max,T_conns_sum,T_ini_min,T_ini_max,T_equ,T_sim,VSize_nodes_sum,VSize_mem_sum,VSize_ini_sum,VSize_sum,N_spks_sum,Rate_sum,N_nrns,N_conns_sum,d_min,d_max
GIT: (master@00e0d3cc8),1,6,6,6,36,20,true,0.47,48.05,49.07,292.03,52.39,53.41,13.81,192.24,2159992,105585016,106506736,106568176,1582068,7.0649999999999995,225000,2531476000,1.5,1.5
GIT: (master@00e0d3cc8),2,6,6,12,72,40,true,0.46,47.96,49.76,583.73,54.02,55.75,13.59,196.59,4480676,211330724,213714836,213899156,3161188,6.99,450000,5062951000,1.5,1.5
GIT: (master@00e0d3cc8),4,6,6,24,144,80,true,0.6,48.01,49.36,1162.8799999999999,56.72,58.07,14.11,202.55,8964340,422664436,439161556,439161556,6230342,6.802000000000002,900000,10125901000,1.5,1.5
GIT: (master@00e0d3cc8),8,6,6,48,288,160,true,0.51,47.94,49.86,2339.16,62.87,64.8,15.06,213.19,17932140,845332332,880024628,880024628,12497130,6.854,1800000,20251801000,1.5,1.5
GIT: (master@00e0d3cc8),16,6,6,96,576,320,true,0.64,47.79,49.96,4678.729999999999,80.37,82.54,16.51,229.61,36077988,1690878372,1848302388,1849350964,24836759,6.908,3600000,40503601000,1.5,1.5
GIT: (master@00e0d3cc8),32,6,6,192,1152,640,true,0.65,48.11,50.11,9373.040000000005,105.41,107.41,20.28,271.25,73003668,3382604436,4095255988,4095255988,49697521,6.871999999999996,7200000,81007201000,1.5,1.5

