git,NUMBER_OF_NODES,TASKS_PER_NODE,THREADS_PER_TASK,num_tasks,NUM_VPS,SCALE,PLASTIC,T_nrns,T_conns_min,T_conns_max,T_conns_sum,T_ini_min,T_ini_max,T_equ,T_sim,VSize_nodes_sum,VSize_mem_sum,VSize_ini_sum,VSize_sum,N_spks_sum,Rate_sum,N_nrns,N_conns_sum,d_min,d_max
GIT: (master@630a97265),1,36,1,36,36,15,true,0.05,17.68,18.08,641.6599999999999,19.22,19.62,5.92,96.44,21223728,93882672,123525216,123525216,1212071,7.104,168750,1898607250,1.5,1.5
GIT: (master@630a97265),1,12,3,12,36,15,true,0.13,30.76,36.24,395.41,35.8,41.35,8.66,129.81,7049904,79831728,89625696,91278432,1212071,7.104,168750,1898607250,1.5,1.5
GIT: (master@630a97265),1,6,6,6,36,15,true,0.4,39.4,42.39,241.52999999999997,61.6,64.64,8.89,133.39,4858368,77744640,80564856,80872056,1212071,7.104,168750,1898607250,1.5,1.5
GIT: (master@630a97265),1,4,9,4,36,15,true,0.46,40.83,42.95,165.96,66.78,68.98,8.95,133.42,4215232,77144512,79817956,79965412,1212071,7.104,168750,1898607250,1.5,1.5
GIT: (master@630a97265),1,2,18,2,36,15,true,0.79,49.4,52.09,101.49000000000001,95.61,98.38,9.16,136.0,3631136,76578848,78246528,79530624,1212071,7.104,168750,1898607250,1.5,1.5
GIT: (master@630a97265),1,1,36,1,36,15,true,1.49,55.37,55.37,55.37,98.32,98.32,13.82,198.6,3337744,76686864,77473296,77866512,1212071,7.104,168750,1898607250,1.5,1.5

