git,NUMBER_OF_NODES,TASKS_PER_NODE,THREADS_PER_TASK,SCALE,PLASTIC,RULE,NUM_VPS,num_tasks,T_nrns,T_conns_min,T_conns_max,T_conns_sum,T_ini_min,T_ini_max,T_equ,T_sim,VSize_nodes_sum,VSize_mem_sum,VSize_ini_sum,VSize_sum,N_spks_sum,Rate_sum,N_nrns,N_conns_sum,d_min,d_max
GIT: (nest-3@47a9175e4),1,6,6,5,true,out,36,6,0.28,101.42,102.29,610.3,12.08,12.94,2.43,0.29,1667088,27886608,28071048,28470408,4194,7.8,56250,632869750,1.5,1.5
GIT: (nest-3@47a9175e4),2,6,6,10,true,out,72,12,0.27,,,,,,,,3515348,,,,,,,,,
GIT: (nest-3@47a9175e4),4,6,6,20,true,out,144,24,0.43,356.54,359.76,8596.5,10.6,13.82,2.46,0.27,7033684,111788884,116671796,118349108,13589,5.2,225000,2531476000,1.5,1.5
GIT: (nest-3@47a9175e4),8,6,6,40,true,out,288,48,0.51,693.73,703.41,33509.36000000001,13.94,23.62,2.83,0.31,14070828,223581228,250552564,256891124,30857,7.599999999999999,450000,5062951000,1.5,1.5
GIT: (nest-3@47a9175e4),16,6,6,80,true,out,576,96,0.61,1369.82,1387.61,132466.38999999996,17.22,35.01,3.4,0.4,28551972,447376164,594052276,608961716,71183,8.899999999999995,900000,10125901000,1.5,1.5
GIT: (nest-3@47a9175e4),32,6,6,160,true,out,1152,192,268.63,2722.49,2768.87,527793.55,20.48,66.77,4.27,0.44,58738068,895600020,1134655668,1181546676,121583,7.5999999999999925,1800000,20251801000,1.5,1.5

