git,NUMBER_OF_NODES,TASKS_PER_NODE,THREADS_PER_TASK,SCALE,PLASTIC,RULE,NUM_VPS,num_tasks,T_nrns,T_conns_min,T_conns_max,T_conns_sum,T_ini_min,T_ini_max,T_equ,T_sim,VSize_nodes_sum,VSize_mem_sum,VSize_ini_sum,VSize_sum,N_spks_sum,Rate_sum,N_nrns,N_conns_sum,d_min,d_max
GIT: (master@02a44ba55),1,6,6,5,true,in,36,6,0.28,11.49,11.77,69.36,11.89,12.21,2.3,0.3,1655208,27097512,27728416,28189216,4284,7.199999999999999,56250,632869750,1.5,1.5
GIT: (master@02a44ba55),2,6,6,10,true,in,72,12,0.4,11.52,11.9,139.46,12.58,13.06,2.2,0.24,3430148,54314756,55707636,57223156,7004,6.0,112500,1265738500,1.5,1.5
GIT: (master@02a44ba55),4,6,6,20,true,in,144,24,0.33,11.54,11.88,278.81000000000006,13.52,13.88,2.39,0.31,6863284,108632500,115481492,117048212,18222,8.600000000000001,225000,2531476000,1.5,1.5
GIT: (master@02a44ba55),8,6,6,40,true,in,288,48,0.45,11.52,11.88,558.1700000000001,14.86,15.22,2.62,0.32,13740268,217268460,245800372,249740724,31715,7.599999999999999,450000,5062951000,1.5,1.5
GIT: (master@02a44ba55),16,6,6,80,true,in,576,96,0.46,11.53,11.92,1117.280000000001,17.98,18.4,3.12,0.39,28656804,434750628,562597428,583306804,72694,8.899999999999997,900000,10125901000,1.5,1.5
GIT: (master@02a44ba55),32,6,6,160,true,in,1152,192,66.75,11.53,11.93,2237.8500000000017,21.12,21.61,3.98,0.42,58161300,870348948,1113172916,1158228916,118237,6.299999999999997,1800000,20251801000,1.5,1.5

