git,NUMBER_OF_NODES,TASKS_PER_NODE,THREADS_PER_TASK,num_tasks,NUM_VPS,SCALE,PLASTIC,T_nrns,T_conns_min,T_conns_max,T_conns_sum,T_ini_min,T_ini_max,T_equ,T_sim,VSize_nodes_sum,VSize_mem_sum,VSize_ini_sum,VSize_sum,N_spks_sum,Rate_sum,N_nrns,N_conns_sum,d_min,d_max
GIT: (master@630a97265),1,6,6,6,36,20,true,0.57,52.6,59.75,324.11,86.56,93.7,14.5,200.26,5033472,108301824,108732024,108916344,1582068,7.065,225000,2531476000,1.5,1.5
GIT: (master@630a97265),2,6,6,12,72,40,true,0.48,52.62,57.62,643.5799999999999,89.53,94.52,14.45,206.66,10272692,216723380,218167460,218382500,3161188,6.989999999999999,450000,5062951000,1.5,1.5
GIT: (master@630a97265),4,6,6,24,144,80,true,0.6,52.97,59.66,1296.8699999999997,92.05,98.77,14.8,209.8,20548372,433449748,449510644,449510644,6230342,6.802000000000001,900000,10125901000,1.5,1.5
GIT: (master@630a97265),8,6,6,48,288,160,true,0.52,53.34,60.18,2617.7400000000007,98.38,105.22,15.93,221.25,41100204,866902956,901275764,901275764,12497130,6.854000000000001,1800000,20251801000,1.5,1.5
GIT: (master@630a97265),16,6,6,96,576,320,true,0.65,54.13,60.9,5309.210000000001,107.17,113.95,17.19,238.8,82414116,1734019620,1854210996,1854210996,24809067,6.837000000000002,3600000,40503601000,1.5,1.5
GIT: (master@630a97265),32,6,6,192,1152,640,true,0.63,56.18,62.89,10982.660000000002,119.27,125.98,20.94,278.11,166200212,3468886932,4163843764,4164499124,49697521,6.871999999999996,7200000,81007201000,1.5,1.5

