NUMBER_OF_NODES,TASKS_PER_NODE,NUM_VPS,THREADS_PER_TASK,SCALE,NUM_VPS,num_tasks,T_network_local,T_network_global_min,T_network_global_max,T_network_global_sum,T_create_min,T_create_max,T_create_sum,T_connect_max,T_connect_min,T_connect_sum,T_ini_min,T_ini_max,T_sim,VSize_sum,VSize_ini_sum,VSize_net_sum,N_spks_sum,N_nrns,N_conns_sum
1,6,36,6,0.0625,36,6,380.58968901634216,64.04025340080261,68.81871485710144,392.89104199409485,316.89138865470886,325.30664920806885,1938.0465569496155,63.98819088935852,55.18152666091919,345.62122225761414,33.0585994720459,33.059890031814575,1167.7830748558044,98661560,98661560,96343104,60539406,258258,1508419407
2,6,72,6,0.125,72,12,379.87883853912354,104.87003517150879,111.18437337875366,1289.5129001140594,314.6274518966675,325.82959032058716,3865.9465701580048,64.41467642784119,54.04474377632141,688.9680278301239,35.365997552871704,35.36637616157532,1520.4990234375,199720224,199083296,192740400,121689362,516391,3016843251
4,6,144,6,0.25,144,24,395.615514755249,188.395902633667,195.58219289779663,4582.0722913742065,326.03926825523376,340.5377278327942,8027.292784690857,70.3480007648468,55.205506801605225,1475.0541121959686,37.24097013473511,37.241605043411255,1760.4766552448273,413103592,412120552,385516552,242533311,1032643,6033690822
8,6,288,6,0.5,288,48,396.12086391448975,347.6844804286957,360.8317987918854,16960.397573709488,319.40394139289856,339.0122492313385,15853.737821817398,75.68495869636536,61.560837745666504,3183.984963655472,41.724082231521606,41.72515296936035,2242.927883863449,871328344,871328344,793089560,485965655,2065151,12067386057
16,6,576,6,1.0,576,96,418.67358684539795,663.0169351100922,685.775013923645,64697.340386629105,329.9782438278198,359.17080950737,32926.38245344162,83.39853382110596,68.2496337890625,7135.044201850891,44.20487356185913,44.21200180053711,71.1080641746521,1680556024,1680556024,1617241976,5574566,4130180,24134776576
32,6,1152,6,2.0,1152,192,474.8187527656555,1345.6526963710785,1416.6384754180908,262829.454836607,354.40181279182434,406.02216958999634,71299.88723993301,107.27033042907715,91.24725723266602,18867.489796876907,87.39908385276794,87.45913195610046,3945.351172208786,4110771768,4110771768,3551219000,1936676440,8260234,48269557645

