git,NUMBER_OF_NODES,TASKS_PER_NODE,NUM_VPS,THREADS_PER_TASK,SCALE,NUM_VPS,num_tasks,T_network_local,T_network_global_min,T_network_global_max,T_network_global_sum,T_create_min,T_create_max,T_create_sum,T_connect_max,T_connect_min,T_connect_sum,T_ini_min,T_ini_max,T_sim,VSize_sum,VSize_ini_sum,VSize_net_sum,N_spks_sum,N_nrns,N_conns_sum
GIT: (NEST nest-3@47a9175e4),1,6,36,6,0.0625,36,6,45.8338463306427,32.712801933288574,36.08047604560852,201.20428848266602,1.535120964050293,1.7586636543273926,9.456756830215454,50.90912866592407,44.281089305877686,274.62650632858276,38.99109125137329,38.99118208885193,1050.4728276729584,97778464,97778464,96438952,60363069,258257,1508419407
GIT: (NEST nest-3@47a9175e4),2,6,72,6,0.125,72,12,47.19437503814697,34.43163228034973,37.56290650367737,422.21181321144104,2.568408966064453,2.875795602798462,31.292153358459473,50.8910276889801,44.263996601104736,555.2774331569672,41.635359048843384,41.635491132736206,1364.3594763278961,201515508,201515508,193030404,119604230,516390,3016843251
GIT: (NEST nest-3@47a9175e4),4,6,144,6,0.25,144,24,49.73565316200256,37.91148829460144,41.45445394515991,930.8421232700348,4.612356901168823,5.074385166168213,113.04063582420349,51.64739990234375,44.77762961387634,1125.0470235347748,43.82447576522827,43.82462501525879,1609.0422141551971,412286868,411623316,386096564,242952584,1032642,6033690822
GIT: (NEST nest-3@47a9175e4),8,6,288,6,0.5,288,48,61.402594804763794,44.50632333755493,48.357704162597656,2172.9765479564667,8.770328760147095,13.199050664901733,429.3837893009186,52.553478479385376,45.38454794883728,2297.0567140579224,50.77566456794739,50.775824546813965,1892.5778222084045,857628084,857628084,772229356,486924029,2065150,12067386057
GIT: (NEST nest-3@47a9175e4),16,6,576,6,1.0,576,96,62.28512001037598,57.228307485580444,60.58062553405762,5591.335842847824,16.48189353942871,19.855104446411133,1622.0203175544739,56.4157772064209,44.70415902137756,4581.044750928879,47.00821280479431,47.008525133132935,55.61232781410217,1585161908,1585161908,1524927780,5553407,4130179,24134776576
GIT: (NEST nest-3@47a9175e4),32,6,1152,6,2.0,1152,192,81.80926585197449,83.02607488632202,89.67549419403076,16263.838479042053,27.99106526374817,37.45914316177368,5743.37943315506,58.45111274719238,49.37794828414917,10074.35289144516,78.01453566551208,78.01472735404968,3422.9244334697723,3738721204,3737803700,3090225300,1918935588,8260233,48269557645

