git,NUMBER_OF_NODES,TASKS_PER_NODE,THREADS_PER_TASK,SCALE,PLASTIC,RULE,NUM_VPS,num_tasks,T_nrns,T_conns_min,T_conns_max,T_conns_sum,T_ini_min,T_ini_max,VSize_nodes_sum,VSize_mem_sum,VSize_ini_sum,VSize_sum,N_nrns,N_conns_sum,d_min,d_max
GIT: (NEST nest-3@47a9175e4),1,6,6,4,false,in,36,6,0.2110130786895752,36.95505690574646,42.85363841056824,229.9615547657013,29.07177972793579,34.97086048126221,7925256,80037384,84422384,,400000,1600000000,1.5,1.5
GIT: (NEST nest-3@47a9175e4),2,6,6,8,false,in,72,12,231.80362486839294,55.49540114402771,62.9878466129303,685.6021947860718,37.85749673843384,45.35573196411133,16117700,222199748,222990740,,800000,4000007050,1.5,1.5
GIT: (NEST nest-3@47a9175e4),4,6,6,16,false,in,144,24,232.76535725593567,72.19406723976135,80.75667238235474,1777.937840461731,41.6696400642395,50.24790620803833,32238388,444402484,458567384,,1600000,8000005350,1.5,1.5
GIT: (NEST nest-3@47a9175e4),8,6,6,32,false,in,288,48,0.4160432815551758,104.73211145401001,113.44728779792786,5123.160669565201,47.42648983001709,56.16202235221863,64492524,888820716,915464372,,3200000,16000021450,1.5,1.5
GIT: (NEST nest-3@47a9175e4),16,6,6,64,false,in,576,96,0.618722677230835,173.74093914031982,183.42958045005798,16880.83184361458,64.36340761184692,74.08176016807556,129198756,1777879716,1831167028,,6400000,31999994550,1.5,1.5
GIT: (NEST nest-3@47a9175e4),32,6,6,128,false,in,1152,192,1.2243945598602295,309.2855935096741,332.56993770599365,60020.82642483711,92.29505562782288,115.66153740882874,259343508,3556705428,3663181748,,12800000,63999995800,1.5,1.5

