git,NUMBER_OF_NODES,TASKS_PER_NODE,THREADS_PER_TASK,SCALE,PLASTIC,RULE,NUM_VPS,num_tasks,T_nrns,T_conns_min,T_conns_max,T_conns_sum,T_ini_min,T_ini_max,VSize_nodes_sum,VSize_mem_sum,VSize_ini_sum,VSize_sum,N_nrns,N_conns_sum,d_min,d_max
GIT: (NEST master@02a44ba55),1,6,6,5,false,out,36,6,0.18686604499816895,382.2158932685852,396.630206823349,2320.37944149971,,,6818520,128666328,,,,,,
GIT: (NEST master@02a44ba55),2,6,6,10,false,out,72,12,0.41628479957580566,661.5184338092804,676.2817294597626,8029.690181493759,,,13756772,257452388,,,,,,
GIT: (NEST master@02a44ba55),4,6,6,20,false,out,144,24,0.3447577953338623,1210.7096123695374,1266.9157779216766,29418.01837825775,,,27516532,514907764,,,,,,
GIT: (NEST master@02a44ba55),8,6,6,40,false,out,288,48,0.5335044860839844,2270.1370453834534,2377.3814010620117,110514.93351745605,,,55036524,1029831276,,,,,,
GIT: (NEST master@02a44ba55),16,6,6,80,false,out,576,96,0.9368417263031006,4397.411327362061,5143.177031993866,430139.7882859707,,,110311332,2059876260,,,,,,
,32,6,6,160,false,out,1152,192,,,,,,,,,,,,,,

