git,NUMBER_OF_NODES,TASKS_PER_NODE,THREADS_PER_TASK,SCALE,PLASTIC,RULE,NUM_VPS,num_tasks,T_nrns,T_conns_min,T_conns_max,T_conns_sum,T_ini_min,T_ini_max,VSize_nodes_sum,VSize_mem_sum,VSize_ini_sum,VSize_sum,N_nrns,N_conns_sum,d_min,d_max
GIT: (NEST master@d4d1b3f59),1,6,6,4,false,in,36,6,0.201702594757,38.0968248844,40.6012544632,231.848883152,41.4981782436,44.0026054382,10476264,82588392,87702484,,400000,1600000000,1.5,1.5
GIT: (NEST master@d4d1b3f59),2,6,6,8,false,in,72,12,0.229178667068,57.2967162132,60.0822350979,695.475924969,53.6656327248,56.4590909481,21075332,227304836,228095828,,800000,4000002300,1.5,1.5
GIT: (NEST master@d4d1b3f59),4,6,6,16,false,in,144,24,0.409301996231,74.8596305847,79.2965188026,1818.29855537,53.3711061478,57.8189024925,42153652,454612660,468777552,,1600000,8000014000,1.5,1.5
GIT: (NEST master@d4d1b3f59),8,6,6,32,false,in,288,48,0.546061038971,110.317329884,113.621380091,5337.73112059,55.7166795731,59.0234084129,84310764,909228780,935872436,,3200000,15999969100,1.5,1.5
GIT: (NEST master@d4d1b3f59),16,6,6,64,false,in,576,96,2.06225275993,183.693663597,191.828540087,17802.5962567,57.9722578526,66.1322360039,168859812,1818695844,1873556020,,6400000,32000013700,1.5,1.5
GIT: (NEST master@d4d1b3f59),32,6,6,128,false,in,1152,192,0.820466995239,327.390570879,346.426856995,63478.8920822,73.1826109886,92.2597439289,338616468,3638337684,3748008884,,12800000,63999970350,1.5,1.5

