git,NUMBER_OF_NODES,TASKS_PER_NODE,THREADS_PER_TASK,SCALE,PLASTIC,RULE,NUM_VPS,num_tasks,T_nrns,T_conns_min,T_conns_max,T_conns_sum,T_ini_min,T_ini_max,VSize_nodes_sum,VSize_mem_sum,VSize_ini_sum,VSize_sum,N_nrns,N_conns_sum,d_min,d_max
,1,6,6,5,false,in,36,6,0.35695314407348633,73.98883128166199,80.62425208091736,454.231143951416,51.225664138793945,57.963693380355835,6818472,128666280,129114512,,500000,2500000000,1.5,1.5
,2,6,6,10,false,in,72,12,0.2452068328857422,103.23935174942017,113.03050947189331,1269.8392491340637,54.63550806045532,64.41874575614929,13756676,257452292,263591624,,1000000,5000007650,1.5,1.5
,4,6,6,20,false,in,144,24,0.33910107612609863,160.8242039680481,168.63825464248657,3923.1858072280884,56.02041244506836,63.71229100227356,27516340,514907572,564339060,,2000000,9999944300,1.5,1.5
,8,6,6,40,false,in,288,48,0.6521720886230469,268.0711634159088,278.458149433136,13042.70712184906,65.27471876144409,75.9777479171753,55036140,1029830892,1062766004,,4000000,20000032550,1.5,1.5
,16,6,6,80,false,in,576,96,,,,,,,,,,,,,,
,32,6,6,160,false,in,1152,192,,,,,,,,,,,,,,

