git,NUMBER_OF_NODES,TASKS_PER_NODE,THREADS_PER_TASK,SCALE,PLASTIC,RULE,NUM_VPS,num_tasks,T_nrns,T_conns_min,T_conns_max,T_conns_sum,T_ini_min,T_ini_max,VSize_nodes_sum,VSize_mem_sum,VSize_ini_sum,VSize_sum,N_nrns,N_conns_sum,d_min,d_max
GIT: (NEST master@02a44ba55),1,6,6,4,false,in,36,6,0.3936312198638916,45.838417291641235,46.413949966430664,276.3861062526703,33.11721158027649,34.008408308029175,6646488,81136344,83891124,,400000,1600000000,1.5,1.5
GIT: (NEST master@02a44ba55),2,6,6,8,false,in,72,12,0.31622314453125,80.97991442680359,82.0831127166748,978.7060761451721,42.68985724449158,43.79596567153931,13412708,191981924,221543224,,800000,4000003350,1.5,1.5
GIT: (NEST master@02a44ba55),4,6,6,16,false,in,144,24,0.4041147232055664,127.47517919540405,129.1432592868805,3079.0028805732727,45.45230746269226,47.13783097267151,26828404,383966836,453575176,,1600000,8000023900,1.5,1.5
GIT: (NEST master@02a44ba55),8,6,6,32,false,in,288,48,0.797243595123291,220.57704520225525,225.23458337783813,10685.132250547409,51.852046966552734,56.517457246780396,53660268,767937132,887117620,,3200000,16000014150,1.5,1.5
GIT: (NEST master@02a44ba55),16,6,6,64,false,in,576,96,0.9799845218658447,401.9800887107849,409.7950677871704,38896.21865487099,66.8457498550415,74.69260048866272,107558820,1536112548,1811150644,,6400000,31999924500,1.5,1.5
GIT: (NEST master@02a44ba55),32,6,6,128,false,in,1152,192,1.5504233837127686,772.2527692317963,790.0654923915863,149881.31909418106,99.0608139038086,116.95007085800171,215965332,3073121940,3720761780,,12800000,63999990800,1.5,1.5

