NUMBER_OF_NODES,TASKS_PER_NODE,THREADS_PER_TASK,SCALE,PLASTIC,RULE,NUM_VPS,num_tasks,T_nrns,T_conns_min,T_conns_max,T_conns_sum,T_ini_min,T_ini_max,VSize_nodes_sum,VSize_mem_sum,VSize_ini_sum,VSize_sum,N_nrns,N_conns_sum,d_min,d_max
1,1,6,10,false,in,,1,2.24074387550354,,,,,,3062244,,,,,,,
2,1,6,10,false,in,,2,1.1222314834594727,,,,,,3960960,,,,,,,
4,1,6,10,false,in,,4,0.5799612998962402,,,,,,6003032,,,,,,,
8,1,6,10,false,in,,8,0.31447935104370117,118.99722814559937,119.81101679801941,956.1638262271881,58.48949599266052,59.297497510910034,9526104,248552280,248552280,,1000000,5000000000,1.5,1.5
16,1,6,10,false,in,,16,0.19138431549072266,84.34466123580933,85.36245894432068,1356.2709925174713,28.17413306236267,29.189507246017456,16801976,255180984,262062264,,1000000,4999990050,1.5,1.5
32,1,6,10,false,in,,32,0.13411235809326172,66.66524052619934,67.5942497253418,2147.0743803977966,14.249192714691162,15.376577377319336,31674424,268079160,275681336,,1000000,4999977750,1.5,1.5
64,1,6,10,false,in,,64,0.07862591743469238,57.66254377365112,67.68888449668884,3729.400987625122,7.238075494766235,17.4421489238739,61522360,293552568,337723832,,1000000,5000012250,1.5,1.5
128,1,6,10,false,in,,128,0.1938338279724121,38.25684070587158,59.493364334106445,6832.409590959549,4.629198312759399,25.769087076187134,120123832,344650168,464531896,,1000000,4999988400,1.5,1.5

