git,NUMBER_OF_NODES,TASKS_PER_NODE,THREADS_PER_TASK,SCALE,PLASTIC,RULE,NUM_VPS,num_tasks,T_nrns,T_conns_min,T_conns_max,T_conns_sum,T_ini_min,T_ini_max,VSize_nodes_sum,VSize_mem_sum,VSize_ini_sum,VSize_sum,N_nrns,N_conns_sum,d_min,d_max
GIT: (NEST master@630a97265),1,6,6,5,false,in,36,6,0.22022342681884766,57.77881383895874,58.064297676086426,347.61515378952026,76.82487726211548,77.43303990364075,11148264,132946920,133395148,,500000,2500000000,1.5,1.5
GIT: (NEST master@630a97265),2,6,6,10,false,in,72,12,0.23771429061889648,69.3621277809143,69.92693018913269,835.1289336681366,77.14867544174194,77.71679139137268,22416260,266013572,274774356,,1000000,5000003150,1.5,1.5
GIT: (NEST master@630a97265),4,6,6,20,false,in,144,24,0.48520827293395996,90.43936228752136,92.56243300437927,2184.4017095565796,81.85592532157898,83.99265170097351,44835508,532036276,579501676,,2000000,9999982400,1.5,1.5
GIT: (NEST master@630a97265),8,6,6,40,false,in,288,48,0.39386963844299316,132.4070360660553,139.47030448913574,6400.003130197525,90.67920112609863,97.77902483940125,89686764,1064076012,1097011124,,4000000,20000085100,1.5,1.5
,16,6,6,80,false,in,576,96,,,,,,,,,,,,,,
,32,6,6,160,false,in,1152,192,,,,,,,,,,,,,,

