git,NUMBER_OF_NODES,TASKS_PER_NODE,THREADS_PER_TASK,SCALE,PLASTIC,RULE,NUM_VPS,num_tasks,T_nrns,T_conns_min,T_conns_max,T_conns_sum,T_ini_min,T_ini_max,VSize_nodes_sum,VSize_mem_sum,VSize_ini_sum,VSize_sum,N_nrns,N_conns_sum,d_min,d_max
,1,6,6,10,false,in,,6,,,,,,,,,,,,,,
GIT: (NEST master@d4d1b3f59),2,6,6,10,false,in,,12,0.425208806992,71.7520697117,75.210798502,869.846856117,68.7986371517,72.2581295967,21652868,265250180,274010972,,1000000,4999995050,1.5,1.5
GIT: (NEST master@d4d1b3f59),4,6,6,10,false,in,,24,0.400464296341,46.9114456177,49.5791783333,1138.14904356,34.3811581135,37.0522482395,40556212,283416244,308418708,,1000000,4999975400,1.5,1.5
GIT: (NEST master@d4d1b3f59),8,6,6,10,false,in,,48,0.405472755432,34.4897379875,36.3136556149,1672.1004076,17.9771313667,19.8067553043,79870700,319404780,360892340,,1000000,5000005950,1.5,1.5
GIT: (NEST master@d4d1b3f59),16,6,6,10,false,in,,96,0.697064161301,28.665368557,29.9220087528,2780.48572922,9.54101490974,10.8033442497,157972644,392673444,463606324,,1000000,5000009450,1.5,1.5
GIT: (NEST master@d4d1b3f59),32,6,6,10,false,in,,192,0.278354167938,25.5655963421,27.0524804592,4958.21673274,5.29088354111,6.7889945507,313843860,544759956,719360948,,1000000,5000003900,1.5,1.5
GIT: (NEST master@d4d1b3f59),64,6,6,10,false,in,,384,4.62091231346,23.8131732941,25.3870208263,9233.34943223,4.51468086243,6.09881544113,630284148,884498292,1146521012,,1000000,4999984050,1.5,1.5
GIT: (NEST master@d4d1b3f59),128,6,6,10,false,in,,768,0.767743587494,22.6748213768,23.8617768288,17603.1142457,2.52608561516,3.72158241272,1255225140,1472706356,1868983220,,1000000,5000023850,1.5,1.5

