git,NUMBER_OF_NODES,TASKS_PER_NODE,THREADS_PER_TASK,num_tasks,NUM_VPS,SCALE,count,T_nrns,T_conns_max,T_conns_min,VSize_nodes_sum,VSize_mem_sum,VSize_ini_sum,VSize_sum,N_nrns,N_conns_sum
,1,6,6,6,36,1,,3.3488290309906006,113.98679542541504,113.98648452758789,7961280,45697728,50453304,50453304,661029,606707499
,2,6,6,12,72,2,,7.2716546058654785,256.67356514930725,256.665625333786,17810996,148293172,155750180,155750180,1321997,2422275129
,4,6,6,24,144,4,,12.448437452316284,501.1329810619354,501.09195041656494,46734868,538326548,553793524,553793524,2643933,9680283092
,8,6,6,48,288,8,,,,,,,,,,

