git,NUMBER_OF_NODES,TASKS_PER_NODE,THREADS_PER_TASK,SCALE,PLASTIC,RULE,NUM_VPS,num_tasks,T_nrns,T_conns_min,T_conns_max,T_conns_sum,T_ini_min,T_ini_max,VSize_nodes_sum,VSize_mem_sum,VSize_ini_sum,VSize_sum,N_nrns,N_conns_sum,d_min,d_max
,1,6,6,10,,,,6,,,,,,,,,,,,,,
GIT: (NEST colocate_syn@6885724bb),2,6,6,10,,,,12,0.188422441483,53.6691372395,60.5434346199,659.196142673,74.0988931656,80.9737718105,20538308,227305412,239408544,,500000,5000003600,1.0,5.0
GIT: (NEST colocate_syn@6885724bb),4,6,6,10,,,,24,0.185331344604,29.9329624176,33.3811154366,733.489569664,38.7130215168,42.1639983654,40065844,245668660,268508436,,500000,4999997200,1.0,5.0
GIT: (NEST colocate_syn@6885724bb),8,6,6,10,,,,48,0.197969913483,18.2898247242,20.0494484901,893.941807032,19.4596357346,21.2220449448,78881772,287949804,350671028,,500000,5000004600,1.0,5.0
GIT: (NEST colocate_syn@6885724bb),16,6,6,10,,,,96,0.193276643753,12.3028378487,13.2167301178,1198.38031459,11.4302048683,12.3469128609,156502692,361220772,457761844,,500000,4999979800,1.0,5.0
GIT: (NEST colocate_syn@6885724bb),32,6,6,10,,,,192,1.55932569504,9.38727927208,10.1327149868,1824.30361819,7.77694773674,8.52893972397,313853076,537314452,657274804,,500000,4999953400,1.0,5.0
GIT: (NEST colocate_syn@6885724bb),64,6,6,10,,,,384,0.459303379059,7.88599205017,8.43156480789,3064.19334674,4.44769978523,5.08952283859,630302580,838903668,1050197428,,500000,5000014400,1.0,5.0
GIT: (NEST colocate_syn@6885724bb),128,6,6,10,,,,768,1.49387669563,6.99203896523,7.53480768204,5437.59788227,2.18137550354,3.23369860649,1245431604,1472710452,1755374516,,500000,4999548200,1.0,5.0

