git,NUMBER_OF_NODES,TASKS_PER_NODE,THREADS_PER_TASK,SCALE,NUM_VPS,num_tasks,T_nrns,T_conns_min,T_conns_max,T_conns_sum,T_ini_min,T_ini_max,VSize_nodes_sum,VSize_mem_sum,VSize_ini_sum,VSize_sum,N_nrns,N_conns_sum,d_min,d_max
GIT: (NEST colocate_syn@6885724bb),1,6,6,4,36,6,0.165053367615,38.5595567226,41.8876409531,235.035357714,47.909812212,51.2380785942,10077192,82590216,82984684,,200000,1600000000,1.0,5.0
GIT: (NEST colocate_syn@6885724bb),2,6,6,8,72,12,0.323039770126,57.209404707,61.0275499821,694.966752291,59.8581755161,63.6753931046,20274116,194275268,200571276,,400000,3999987000,1.0,5.0
GIT: (NEST colocate_syn@6885724bb),4,6,6,16,144,24,0.244815587997,74.3647847176,80.0935549736,1812.0429256,62.3645260334,68.0997223854,40557364,388553524,422903500,,800000,7999991800,1.0,5.0
GIT: (NEST colocate_syn@6885724bb),8,6,6,32,288,48,0.233712673187,108.635338306,115.201574326,5279.74320269,61.6777815819,68.2531619072,81118188,777110508,800608436,,1600000,16000146600,1.0,5.0
GIT: (NEST colocate_syn@6885724bb),16,6,6,64,576,96,0.266062736511,179.284185171,187.935734272,17374.0656161,64.7075519562,73.3780221939,162450084,1554459300,1601455156,,3200000,31999879400,1.0,5.0
GIT: (NEST colocate_syn@6885724bb),32,6,6,128,1152,192,0.683501958847,318.244407654,334.741921425,61633.9937105,67.8644046783,84.3936507702,325797012,3109864596,3680384948,,6400000,63999725600,1.0,5.0

