git,NUMBER_OF_NODES,TASKS_PER_NODE,THREADS_PER_TASK,num_tasks,NUM_VPS,SCALE,PLASTIC,T_nrns,T_conns_min,T_conns_max,T_conns_sum,T_ini_min,T_ini_max,T_equ,T_sim,VSize_nodes_sum,VSize_mem_sum,VSize_ini_sum,VSize_sum,N_spks_sum,Rate_sum,N_nrns,N_conns_sum,d_min,d_max
GIT: (master@caaf06324),1,6,6,6,,,,0.04750323295593262,0.5400159358978271,0.5932230949401855,3.3003127574920654,0.3745543956756592,0.43241262435913086,,1.3328218460083008,10405752,10682232,12077040,12396528,432129,,35206,4812059,1.0,8.5
GIT: (master@caaf06324),2,6,6,12,,,,0.04000997543334961,0.34168386459350586,0.3652646541595459,4.179380655288696,0.4196655750274658,0.4446523189544678,,0.8151063919067383,20931236,21176996,23883668,24391572,432356,,35206,4815242,1.0,8.5
GIT: (master@caaf06324),4,6,6,24,,,,0.03705263137817383,0.23482441902160645,0.2574920654296875,5.766992568969727,0.32979297637939453,0.7647755146026611,,0.5833029747009277,41865460,41865460,46680788,47661780,427841,,35206,4814355,1.0,8.5
,8,6,6,48,,,,,,,,,,,,,,,,,,,,,
,16,6,6,96,,,,,,,,,,,,,,,,,,,,,
GIT: (master@caaf06324),32,6,6,192,,,,0.03246808052062988,0.11567997932434082,0.16847014427185059,27.78714942932129,0.18140649795532227,0.5664474964141846,,0.35334062576293945,336212628,336212628,338411956,339315124,428568,,35206,4815889,1.0,8.5
GIT: (master@caaf06324),64,6,6,384,,,,0.03039073944091797,0.10152530670166016,0.18971729278564453,52.36558723449707,0.23355937004089355,0.873936653137207,,0.334949254989624,671175540,671175540,685709748,688247220,437311,,35206,4813420,1.0,8.5
GIT: (master@caaf06324),128,6,6,768,,,,0.03502821922302246,0.0943899154663086,0.2671654224395752,103.65596318244934,0.2997472286224365,11.103832483291626,,0.4745216369628906,1335361332,1335361332,1374359476,1375852468,437491,,35206,4810460,1.0,8.5

