NUMBER_OF_NODES,TASKS_PER_NODE,THREADS_PER_TASK,num_tasks,NUM_VPS,SCALE,PLASTIC,T_nrns,T_conns_min,T_conns_max,T_conns_sum,T_ini_min,T_ini_max,T_equ,T_sim,VSize_nodes_sum,VSize_mem_sum,VSize_ini_sum,VSize_sum,N_spks_sum,Rate_sum,N_nrns,N_conns_sum,d_min,d_max
1,36,1,36,36,15,true,0.1,18.83,19.27,682.7500000000001,11.67,12.11,5.81,98.86,14615568,86905872,116917056,116917056,1230117,7.286000000000001,168750,1898607250,1.5,1.5
1,12,3,12,36,15,true,0.13,32.47,34.61,403.83000000000004,23.32,25.47,8.42,131.22,3200448,76056000,86894448,87152496,1230117,7.2860000000000005,168750,1898607250,1.5,1.5
1,6,6,6,36,15,true,0.34,43.56,46.62,267.03000000000003,31.83,34.89,8.88,137.56,1753920,74677056,77835192,78271416,1230117,7.286,168750,1898607250,1.5,1.5
1,4,9,4,36,15,true,0.34,46.28,46.85,186.42,45.06,45.73,8.75,135.8,1383696,74312976,77957168,79210544,1230117,7.286,168750,1898607250,1.5,1.5
1,2,18,2,36,15,true,0.75,71.54,72.06,143.60000000000002,73.3,73.83,9.19,139.79,1035648,73983360,75694048,76124128,1230117,7.286,168750,1898607250,1.5,1.5
1,1,36,1,36,15,true,1.46,108.66,108.66,108.66,77.72,77.72,14.28,210.48,864376,74213496,75786360,76179576,1230117,7.286,168750,1898607250,1.5,1.5

