git,NUMBER_OF_NODES,TASKS_PER_NODE,THREADS_PER_TASK,num_tasks,NUM_VPS,SCALE,PLASTIC,T_nrns,T_conns_min,T_conns_max,T_conns_sum,T_ini_min,T_ini_max,T_equ,T_sim,VSize_nodes_sum,VSize_mem_sum,VSize_ini_sum,VSize_sum,N_spks_sum,Rate_sum,N_nrns,N_conns_sum,d_min,d_max
,1,6,6,6,36,20,true,0.44,52.78,58.61,324.95000000000005,55.14,60.98,16.3,225.78,2026512,105331728,106069128,106118280,1582068,7.0649999999999995,225000,2531476000,1.5,1.5
,2,6,6,12,72,40,true,0.48,52.78,58.17,651.86,55.96,61.35,14.31,203.34,4332500,210783188,212565188,212810948,3161188,6.989999999999999,450000,5062951000,1.5,1.5
,4,6,6,24,144,80,true,0.47,53.0,58.71,1306.6399999999999,59.71,65.42,14.76,209.36,8667988,421569364,438207796,438207796,6230342,6.802000000000001,900000,10125901000,1.5,1.5
,8,6,6,48,288,160,true,0.67,53.32,59.56,2631.940000000001,65.21,71.45,15.83,221.27,17339436,843142188,877496564,877496564,12497130,6.854000000000002,1800000,20251801000,1.5,1.5
,16,6,6,96,576,320,true,0.61,54.1,60.06,5355.500000000002,80.92,86.88,17.35,239.64,34892580,1686498084,1840235700,1840235700,24809067,6.837000000000002,3600000,40503601000,1.5,1.5
,32,6,6,192,1152,640,true,0.67,55.51,62.13,11013.579999999993,108.47,115.1,21.06,278.62,71157140,3373843860,4090427572,4090427572,49697521,6.8719999999999954,7200000,81007201000,1.5,1.5

