git,NUMBER_OF_NODES,TASKS_PER_NODE,THREADS_PER_TASK,SCALE,PLASTIC,RULE,NUM_VPS,num_tasks,T_nrns,T_conns_min,T_conns_max,T_conns_sum,T_ini_min,T_ini_max,T_equ,T_sim,VSize_nodes_sum,VSize_mem_sum,VSize_ini_sum,VSize_sum,N_spks_sum,Rate_sum,N_nrns,N_conns_sum,d_min,d_max
GIT: (nest-3@47a9175e4),1,6,6,5,true,in,36,6,0.27,13.15,14.5,81.07000000000001,12.35,13.64,2.51,0.32,1667088,27100176,27468936,27868296,4284,7.199999999999999,56250,632869750,1.5,1.5
GIT: (nest-3@47a9175e4),2,6,6,10,true,in,72,12,0.35,13.14,14.77,161.6,13.21,14.95,2.39,0.25,3515348,54320084,55319748,56057028,7004,6.000000000000001,112500,1265738500,1.5,1.5
GIT: (nest-3@47a9175e4),4,6,6,20,true,in,144,24,0.28,13.16,14.79,327.1000000000001,14.34,15.93,2.52,0.33,7033684,108643156,113263924,114707764,18222,8.6,225000,2531476000,1.5,1.5
GIT: (nest-3@47a9175e4),8,6,6,40,true,in,288,48,66.48,13.25,14.86,655.77,15.51,17.11,2.71,0.33,14070828,217289772,242866420,248035572,31715,7.599999999999999,450000,5062951000,1.5,1.5
GIT: (nest-3@47a9175e4),16,6,6,80,true,in,576,96,0.5,13.48,15.26,1337.9199999999996,18.53,20.31,3.34,0.42,28551972,434793252,589530292,601326772,72694,8.899999999999995,900000,10125901000,1.5,1.5
GIT: (nest-3@47a9175e4),32,6,6,160,true,in,1152,192,167.84,13.84,15.57,2747.5200000000013,21.44,23.24,4.21,0.43,58738068,870434196,1105066164,1155528884,118237,6.299999999999999,1800000,20251801000,1.5,1.5

