NUMBER_OF_NODES,TASKS_PER_NODE,THREADS_PER_TASK,num_tasks,NUM_VPS,SCALE,PLASTIC,T_nrns,T_conns_min,T_conns_max,T_conns_sum,T_ini_min,T_ini_max,T_equ,T_sim,VSize_nodes_sum,VSize_mem_sum,VSize_ini_sum,VSize_sum,N_spks_sum,Rate_sum,N_nrns,N_conns_sum,d_min,d_max
1,6,6,6,36,20,true,0.38,56.91,63.34,353.99,42.52,48.95,13.82,202.17,1929024,105234240,105971640,106125240,1608648,7.047000000000001,225000,2531476000,1.5,1.5
2,6,6,12,72,40,true,0.39,57.96,62.94,717.29,43.92,48.94,14.16,204.42,4063792,210588208,212370208,212370208,3135174,6.959999999999999,450000,5062951000,1.5,1.5
4,6,6,24,144,80,true,0.46,59.61,65.12,1462.7900000000004,43.88,49.38,15.04,212.39,8130568,421179400,437664232,437664232,6275303,6.866,900000,10125901000,1.5,1.5
8,6,6,48,288,160,true,0.46,58.64,66.02,2920.9999999999995,47.14,54.55,16.11,220.78,16264592,842362256,877036120,877036120,12512534,6.850999999999999,1800000,20251801000,1.5,1.5
16,6,6,96,576,320,true,0.48,59.7,67.24,5922.23,60.31,67.85,17.26,243.36,32835048,1684938216,1829795704,1829795704,24903286,6.797,3600000,40503601000,1.5,1.5
32,6,6,192,1152,640,true,0.44,60.07,68.82,12228.87000000001,78.88,87.65,20.37,274.15,67250968,3370724120,4076166712,4076166712,49699733,6.711999999999994,7200000,81007201000,1.5,1.5

