git,NUMBER_OF_NODES,TASKS_PER_NODE,THREADS_PER_TASK,SCALE,PLASTIC,RULE,NUM_VPS,num_tasks,T_nrns,T_conns_min,T_conns_max,T_conns_sum,T_ini_min,T_ini_max,T_equ,T_sim,VSize_nodes_sum,VSize_mem_sum,VSize_ini_sum,VSize_sum,N_spks_sum,Rate_sum,N_nrns,N_conns_sum,d_min,d_max
GIT: (master@630a97265),1,6,6,5,true,in,36,6,0.34,13.02,14.67,80.42,21.05,22.73,2.44,33.4,4674048,30070272,30439032,30869112,447207,7.899,56250,632869750,1.5,1.5
GIT: (master@630a97265),2,6,6,10,true,in,72,12,0.42,13.06,14.65,159.63000000000002,21.49,23.08,2.33,31.47,9529268,60260276,61522084,62136484,819583,7.281999999999998,112500,1265738500,1.5,1.5
GIT: (master@630a97265),4,6,6,20,true,in,144,24,0.49,13.1,14.68,321.28000000000003,23.05,24.63,2.49,32.19,19061524,120523540,125144308,126373108,1583650,7.1240000000000006,225000,2531476000,1.5,1.5
GIT: (master@630a97265),8,6,6,40,true,in,288,48,0.49,13.24,14.92,650.6899999999998,23.79,25.5,2.73,35.63,38126508,241050540,266514548,272369780,3167469,6.995999999999999,450000,5062951000,1.5,1.5
GIT: (master@630a97265),16,6,6,80,true,in,576,96,0.46,13.43,15.13,1319.139999999999,26.94,28.8,3.44,40.1,76663332,482314788,637051828,648848308,6268037,6.863,900000,10125901000,1.5,1.5
GIT: (master@630a97265),32,6,6,160,true,in,1152,192,0.57,13.9,15.67,2732.4399999999987,29.72,31.49,4.32,51.73,154960788,965477268,1199781556,1258927796,12542352,6.946999999999991,1800000,20251801000,1.5,1.5

