NUMBER_OF_NODES,TASKS_PER_NODE,THREADS_PER_TASK,NUM_VPS,SCALE,PLASTIC,T_nrns,T_conns_min,T_conns_max,T_ini_min,T_ini_max,T_equ,T_sim,VSize_mem_sum,VSize_sum,N_spks_sum,Rate_sum,N_nrns,N_conns_sum,d_min,d_max
32,1,1,,51,true,0.21,50.4,51.0,36.7,37.29,13.29,202.97,266381496,266381496,4001525,6.954000000000001,576000,6480577000,1.5,1.5
32,1,3,,51,true,0.28,30.81,31.99,26.41,27.54,7.55,104.01,283355576,283355576,4015778,6.702,576000,6480577000,1.5,1.5
32,1,6,,51,true,0.32,22.64,23.62,21.35,22.31,3.89,54.59,282929976,307309368,4003040,6.976000000000003,576000,6480577000,1.5,1.5
32,1,9,,51,true,0.32,16.59,17.44,18.61,19.47,2.85,40.05,297577656,324283576,4012347,6.928000000000001,576000,6480577000,1.5,1.5
32,1,18,,51,true,0.36,12.1,12.8,15.62,16.32,1.73,23.8,300577080,317288760,4006332,7.07,576000,6480577000,1.5,1.5
32,1,36,,51,true,0.54,9.08,9.45,16.7,17.09,1.17,15.83,297769912,357006264,4017807,6.910000000000001,576000,6480577000,1.5,1.5

