git,NUMBER_OF_NODES,TASKS_PER_NODE,THREADS_PER_TASK,num_tasks,NUM_VPS,SCALE,PLASTIC,T_nrns,T_conns_min,T_conns_max,T_conns_sum,T_ini_min,T_ini_max,T_equ,T_sim,VSize_nodes_sum,VSize_mem_sum,VSize_ini_sum,VSize_sum,N_spks_sum,Rate_sum,N_nrns,N_conns_sum,d_min,d_max
GIT: (heads/v2.20.1@63efc4393),1,6,6,6,36,20,true,0.4,49.46,53.11,301.39,52.03,55.66,13.98,194.38,2148840,105573864,106249824,106292832,1582068,7.0649999999999995,225000,2531476000,1.5,1.5
GIT: (heads/v2.20.1@63efc4393),2,6,6,12,72,40,true,0.37,49.9,54.76,608.28,53.56,58.42,13.57,196.2,4417412,211267460,212588660,212865140,3161188,6.989999999999999,450000,5062951000,1.5,1.5
GIT: (heads/v2.20.1@63efc4393),4,6,6,24,144,80,true,0.34,49.79,57.06,1226.3600000000001,58.56,65.81,14.03,201.67,8837812,422537908,438654100,438654100,6230342,6.802000000000002,900000,10125901000,1.5,1.5
GIT: (heads/v2.20.1@63efc4393),8,6,6,48,288,160,true,0.4,49.7,56.83,2441.54,62.6,69.74,15.22,215.74,17679084,845079276,878880692,878880692,12497130,6.854,1800000,20251801000,1.5,1.5
GIT: (heads/v2.20.1@63efc4393),16,6,6,96,576,320,true,0.39,49.68,57.06,4892.57,73.8,81.15,16.48,230.45,35571876,1690372260,1849434676,1849434676,24809067,6.837,3600000,40503601000,1.5,1.5
GIT: (heads/v2.20.1@63efc4393),32,6,6,192,1152,640,true,0.4,49.31,56.26,9689.720000000007,84.42,91.39,19.81,267.72,71991444,3381592212,4084413364,4084413364,49697521,6.871999999999997,7200000,81007201000,1.5,1.5

