git,NUMBER_OF_NODES,TASKS_PER_NODE,THREADS_PER_TASK,num_tasks,NUM_VPS,SCALE,PLASTIC,T_nrns,T_conns_min,T_conns_max,T_conns_sum,T_ini_min,T_ini_max,T_equ,T_sim,VSize_nodes_sum,VSize_mem_sum,VSize_ini_sum,VSize_sum,N_spks_sum,Rate_sum,N_nrns,N_conns_sum,d_min,d_max
GIT: (heads/v2.20.0@37722d5e3),1,36,1,36,36,15,true,0.06,15.68,15.96,569.86,19.11,19.39,5.23,86.94,15184224,87474528,117485712,117485712,1212071,7.103999999999999,168750,1898607250,1.5,1.5
GIT: (heads/v2.20.0@37722d5e3),1,12,3,12,36,15,true,0.14,26.78,32.32,347.34,29.4,34.87,7.99,122.4,3451584,76307136,88859760,89984112,1212071,7.103999999999998,168750,1898607250,1.5,1.5
GIT: (heads/v2.20.0@37722d5e3),1,6,6,6,36,15,true,0.37,35.5,37.61,215.98000000000002,37.12,39.23,8.54,129.38,1867272,77208072,79788672,80157312,1212071,7.103999999999999,168750,1898607250,1.5,1.5
GIT: (heads/v2.20.0@37722d5e3),1,4,9,4,36,15,true,0.5,37.06,38.98,151.02,45.18,47.03,8.63,130.46,1483888,76031088,79153048,79282072,1212071,7.104,168750,1898607250,1.5,1.5
GIT: (heads/v2.20.0@37722d5e3),1,2,18,2,36,15,true,0.82,45.35,47.2,92.55000000000001,76.88,78.77,8.92,134.55,1139064,74888568,75800536,77060056,1212071,7.104,168750,1898607250,1.5,1.5
GIT: (heads/v2.20.0@37722d5e3),1,1,36,1,36,15,true,1.3,48.41,48.41,48.41,98.88,98.88,13.59,196.16,951996,74314940,74708156,75101372,1212071,7.104,168750,1898607250,1.5,1.5

