git,NUMBER_OF_NODES,TASKS_PER_NODE,THREADS_PER_TASK,num_tasks,NUM_VPS,SCALE,PLASTIC,T_nrns,T_conns_min,T_conns_max,T_conns_sum,T_ini_min,T_ini_max,T_equ,T_sim,VSize_nodes_sum,VSize_mem_sum,VSize_ini_sum,VSize_sum,N_spks_sum,Rate_sum,N_nrns,N_conns_sum,d_min,d_max
GIT: (master@caaf06324),1,6,6,6,36,20,true,0.38,57.26,63.84,350.6700000000001,80.12,86.7,15.24,205.2,4992000,108260352,108844152,108936312,1582068,7.0649999999999995,225000,2531476000,1.5,1.5
GIT: (master@caaf06324),2,6,6,12,72,40,true,0.37,56.92,69.36,706.16,80.42,92.86,14.91,210.35,10189748,216640436,218299556,218557604,3161188,6.989999999999999,450000,5062951000,1.5,1.5
GIT: (master@caaf06324),4,6,6,24,144,80,true,0.38,57.22,65.49,1407.03,81.16,89.47,15.28,212.4,20382484,433283860,449731828,449731828,6230342,6.802000000000001,900000,10125901000,1.5,1.5
GIT: (master@caaf06324),8,6,6,48,288,160,true,0.69,57.6,69.2,2844.4900000000002,85.57,97.26,16.07,222.74,40768428,866571180,901226612,901226612,12497130,6.854,1800000,20251801000,1.5,1.5
GIT: (master@caaf06324),16,6,6,96,576,320,true,0.44,58.58,71.13,5780.609999999999,90.36,102.9,17.65,240.96,81750564,1733356068,1862503348,1862503348,24809067,6.8370000000000015,3600000,40503601000,1.5,1.5
GIT: (master@caaf06324),32,6,6,192,1152,640,true,,,,,,,,,,,,,,,,,,

