git,NUMBER_OF_NODES,TASKS_PER_NODE,NUM_VPS,THREADS_PER_TASK,SCALE,NUM_VPS,num_tasks,T_network_local,T_network_global_min,T_network_global_max,T_network_global_sum,T_create_min,T_create_max,T_create_sum,T_connect_max,T_connect_min,T_connect_sum,T_ini_min,T_ini_max,T_sim,VSize_sum,VSize_ini_sum,VSize_net_sum,N_spks_sum,N_nrns,N_conns_sum
GIT: (NEST heads/v2.20.0@37722d5e3),1,6,36,6,0.0625,36,6,407.200410843,61.9103159904,64.0285201073,375.387817144,359.299862623,364.322339296,2175.95181441,45.1405024529,42.8016614914,263.883543015,32.2924249172,32.2925691605,101.550807238,99034984,99034984,96558832,4504810,258258,1508419407
GIT: (NEST heads/v2.20.0@37722d5e3),2,6,72,6,0.125,72,12,398.285657167,104.003137112,106.31496501,1260.12553453,349.72796011,356.24431181,4239.39308405,46.527957201,42.220716238,528.887564898,33.3313729763,33.3319909573,96.6877422333,201046916,200831876,193237652,7774718,516391,3016843251
GIT: (NEST heads/v2.20.0@37722d5e3),4,6,144,6,0.25,144,24,413.921573162,187.234465361,194.224261522,4586.54712176,353.691082954,366.519894361,8668.07835221,51.6030550003,44.5029404163,1131.15257859,34.721757412,34.7233052254,175.965839624,411333044,410902964,386478036,23369608,1032643,6033690822
GIT: (NEST heads/v2.20.0@37722d5e3),8,6,288,6,0.5,288,48,412.673108578,354.216742277,363.932142735,17189.5593002,355.333762646,396.923348427,18089.3510742,58.6555314064,52.2717180252,2639.37300587,39.0162084103,39.0170826912,43.7245321274,875954676,875954676,794979764,2818219,2065151,12067386057
GIT: (NEST heads/v2.20.0@37722d5e3),16,6,576,6,1.0,576,96,,,,,,,,,,,,,,,,,,,
GIT: (NEST heads/v2.20.0@37722d5e3),32,6,1152,6,2.0,1152,192,,,,,,,,,,,,,,,,,,,

