git,NUMBER_OF_NODES,TASKS_PER_NODE,NUM_VPS,THREADS_PER_TASK,SCALE,NUM_VPS,num_tasks,T_network_local,T_network_global_min,T_network_global_max,T_network_global_sum,T_create_min,T_create_max,T_create_sum,T_connect_max,T_connect_min,T_connect_sum,T_ini_min,T_ini_max,T_sim,VSize_sum,VSize_ini_sum,VSize_net_sum,N_spks_sum,N_nrns,N_conns_sum
GIT: (master@f1c0bcf43),1,6,36,6,0.0625,36,6,54.515748500823975,35.89503765106201,37.31869435310364,218.93249416351318,3.623126983642578,3.6860594749450684,21.889962673187256,55.98684644699097,46.1588921546936,300.6318824291229,52.44278025627136,52.44289588928223,610.2296750545502,100588968,100496808,99489072,27292945,258257,1508419407
GIT: (master@f1c0bcf43),2,6,72,6,0.125,72,12,57.9538950920105,38.04118895530701,40.06672406196594,466.819189786911,5.950030565261841,6.059432744979858,72.03800582885742,56.31073331832886,49.19284677505493,625.5549421310425,52.87658953666687,52.87674427032471,622.8081266880035,206876420,206661380,199097876,49983166,516390,3016843251
GIT: (master@f1c0bcf43),4,6,144,6,0.25,144,24,72.31069588661194,41.91299343109131,46.30081057548523,1027.280077457428,10.60150933265686,11.498138666152954,257.65116238594055,60.79503154754639,50.54928708076477,1274.3990995883942,53.623114585876465,53.623303174972534,303.2547175884247,423305652,422285748,398198740,30637122,1032642,6033690822
GIT: (master@f1c0bcf43),8,6,288,6,0.5,288,48,72.86369204521179,48.495423793792725,52.94282793998718,2382.4734511375427,18.433396339416504,20.45581340789795,931.0017533302307,59.63831448554993,48.47772240638733,2538.73410487175,55.35399556159973,55.354471921920776,176.95006847381592,875143668,875143668,796368172,11116816,2065150,12067386057
GIT: (master@f1c0bcf43),16,6,576,6,1.0,576,96,82.26614046096802,60.204673528671265,66.02227306365967,6019.465630531311,29.477017879486084,35.41295289993286,3235.6868653297424,56.49516201019287,42.236693143844604,4872.4206664562225,57.32300138473511,57.32334232330322,244.30848240852356,1642516276,1642516276,1573107108,21909606,4130179,24134776576
GIT: (master@f1c0bcf43),32,6,1152,6,2.0,1152,192,112.25211000442505,78.63044047355652,94.60644745826721,17386.905210971832,49.83912444114685,59.36474108695984,10922.77397108078,63.319384813308716,46.30658960342407,10479.79939866066,59.94234919548035,59.9433319568634,316.24929451942444,3585318068,3585318068,3186583956,43836615,8260233,48269557645

