NUMBER_OF_NODES,TASKS_PER_NODE,NUM_VPS,THREADS_PER_TASK,SCALE,NUM_VPS,num_tasks,T_network_local,T_network_global_min,T_network_global_max,T_network_global_sum,T_create_min,T_create_max,T_create_sum,T_connect_max,T_connect_min,T_connect_sum,T_ini_min,T_ini_max,T_sim,VSize_sum,VSize_ini_sum,VSize_net_sum,N_spks_sum,N_nrns,N_conns_sum
16,6,576,6,1.0,576,96,74.84457206726074,68.82954359054565,73.4887924194336,6720.47648024559,16.837677001953125,17.9441978931427,1678.644751548767,63.43420338630676,53.7150194644928,5533.928574085236,35.095383167266846,35.10250115394592,59.600062131881714,1583104376,1583104376,1522870248,5553407,4130179,24134776576

