git,NUMBER_OF_NODES,TASKS_PER_NODE,NUM_VPS,THREADS_PER_TASK,SCALE,NUM_VPS,num_tasks,T_network_local,T_network_global_min,T_network_global_max,T_network_global_sum,T_create_min,T_create_max,T_create_sum,T_connect_max,T_connect_min,T_connect_sum,T_ini_min,T_ini_max,T_sim,VSize_sum,VSize_ini_sum,VSize_net_sum,N_spks_sum,N_nrns,N_conns_sum
GIT: (NEST version_220@37722d5e3),1,6,36,6,0.0625,36,6,355.382742167,57.0886569023,61.1065471172,350.522543192,303.990328789,311.197824001,1856.99063659,51.6011805534,44.0520040989,275.460241079,36.5708825588,36.5712673664,1042.97201204,98798720,98798720,96467976,60539406,258258,1508419407
GIT: (NEST version_220@37722d5e3),2,6,72,6,0.125,72,12,351.648967743,96.2795565128,100.494452715,1167.77075553,297.879909754,305.183557272,3639.08398104,52.9701755047,46.3907933235,576.49793601,39.1169083118,39.1172945499,1292.92278361,201413812,200281268,192990148,121689362,516391,3016843251
GIT: (NEST version_220@37722d5e3),4,6,144,6,0.25,144,24,363.103817225,173.374693394,179.768849134,4239.59085155,307.716490746,316.795162201,7529.80056596,55.6132006645,46.39270854,1199.66083264,42.3555948734,42.3560721874,1556.46732688,410787092,409871636,386114356,242533311,1032643,6033690822
GIT: (NEST version_220@37722d5e3),8,6,288,6,0.5,288,48,372.340727091,323.795273781,334.444302797,15749.433919,310.780092239,325.612940073,15258.0360999,60.9210116863,51.2700486183,2656.17116976,48.20956707,48.2100622654,1944.55904198,876001460,876001460,794186868,485965655,2065151,12067386057
GIT: (NEST version_220@37722d5e3),16,6,576,6,1.0,576,96,397.767498255,621.339116096,642.018929243,60584.9809363,323.333072901,342.36274457,32134.2137737,71.5269446373,59.8110063076,6219.07801652,46.1790232658,46.1805589199,57.7018721104,1680809140,1680809140,1619264564,5574566,4130180,24134776576
GIT: (NEST version_220@37722d5e3),32,6,1152,6,2.0,1152,192,427.16215086,1263.357023,1302.14847231,245733.977279,334.987738609,361.458186865,66363.666589,91.6542289257,81.9044020176,16546.9298143,79.8100953102,79.8114359379,3309.60198879,4182742964,4182742964,3557607092,1936676440,8260234,48269557645

