git,NUMBER_OF_NODES,TASKS_PER_NODE,THREADS_PER_TASK,SCALE,PLASTIC,RULE,NUM_VPS,num_tasks,T_nrns,T_conns_min,T_conns_max,T_conns_sum,T_ini_min,T_ini_max,VSize_nodes_sum,VSize_mem_sum,VSize_ini_sum,VSize_sum,N_nrns,N_conns_sum,d_min,d_max
GIT: (NEST master@a641eec1e),1,6,6,4,false,in,36,6,0.0523738861084,38.8842775822,43.3081748486,238.029056787,49.3342072964,53.7600421906,10073376,82111776,87557620,,400000,1600000000,1.5,1.5
GIT: (NEST master@a641eec1e),2,6,6,8,false,in,72,12,0.064760684967,57.8402760029,62.676317215,705.235059977,62.6897242069,67.5263967514,20263412,226345460,227136448,,800000,4000005550,1.5,1.5
GIT: (NEST master@a641eec1e),4,6,6,16,false,in,144,24,0.0971550941467,74.9701664448,81.0811014175,1825.84858322,63.6807351112,69.7954192162,40529812,452693908,466858804,,1600000,8000000900,1.5,1.5
GIT: (NEST master@a641eec1e),8,6,6,32,false,in,288,48,0.197552680969,109.353256702,116.521551609,5306.84920907,64.8195288181,72.0401053429,81063084,905391276,932821364,,3200000,16000045200,1.5,1.5
GIT: (NEST master@a641eec1e),16,6,6,64,false,in,576,96,0.238963603973,180.889145851,189.879435539,17542.7239485,67.171091795,76.1880044937,162364452,1811020836,1865881012,,6400000,32000055850,1.5,1.5
GIT: (NEST master@a641eec1e),32,6,6,128,false,in,1152,192,0.435472488403,322.193618298,336.076504469,62351.8893564,81.4574275017,95.3897814751,325625748,3622987668,3732708020,,12800000,64000171750,1.5,1.5

