git,NUMBER_OF_NODES,TASKS_PER_NODE,THREADS_PER_TASK,SCALE,PLASTIC,RULE,NUM_VPS,num_tasks,T_nrns,T_conns_min,T_conns_max,T_conns_sum,T_ini_min,T_ini_max,VSize_nodes_sum,VSize_mem_sum,VSize_ini_sum,VSize_sum,N_nrns,N_conns_sum,d_min,d_max
GIT: (NEST master@d4d1b3f59),1,6,6,4,false,in,36,6,0.316600322723,37.8149783611,40.6699979305,230.825324059,46.1669096947,49.024446249,10476520,82589928,86524364,,400000,1600000000,1.5,1.5
GIT: (NEST master@d4d1b3f59),2,6,6,8,false,in,72,12,0.319469213486,57.2370789051,60.70063591,695.237967253,60.0555934906,63.52495718,21075588,227305092,228096084,,800000,4000003350,1.5,1.5
GIT: (NEST master@d4d1b3f59),4,6,6,16,false,in,144,24,0.223862886429,74.8605217934,77.9434065819,1815.87207556,59.0034749508,62.0880067348,42155444,454614452,468779348,,1600000,8000021600,1.5,1.5
GIT: (NEST master@d4d1b3f59),8,6,6,32,false,in,288,48,0.317176818848,110.440211296,115.246445179,5340.52087188,62.3226521015,67.1526460648,84312556,909230572,935874228,,3200000,15999995900,1.5,1.5
GIT: (NEST master@d4d1b3f59),16,6,6,64,false,in,576,96,0.923664569855,184.100347281,191.605832815,17820.951762,65.0553231239,72.5857298374,168859812,1818695844,1873556020,,6400000,31999998950,1.5,1.5
GIT: (NEST master@d4d1b3f59),32,6,6,128,false,in,1152,192,0.762530326843,328.702196598,345.327730656,63783.69383,79.4999601841,96.2356996536,338616468,3638337684,3748030388,,12800000,64000160150,1.5,1.5

