git,NUMBER_OF_NODES,TASKS_PER_NODE,THREADS_PER_TASK,SCALE,PLASTIC,RULE,NUM_VPS,num_tasks,T_nrns,T_conns_min,T_conns_max,T_conns_sum,T_ini_min,T_ini_max,VSize_nodes_sum,VSize_mem_sum,VSize_ini_sum,VSize_sum,N_nrns,N_conns_sum,d_min,d_max
GIT: (NEST heads/v2.20.0@37722d5e3),1,6,6,5,false,in,36,6,0.3798863887786865,71.35270810127258,75.9168164730072,434.15417981147766,46.78040957450867,51.39266395568848,6818640,128666448,129770036,,500000,2500000000,1.5,1.5
GIT: (NEST heads/v2.20.0@37722d5e3),2,6,6,10,false,in,72,12,0.8273444175720215,100.99818134307861,105.50930380821228,1225.1720881462097,48.3491370677948,52.8530535697937,13757012,257452628,264901404,,1000000,4999999450,1.5,1.5
GIT: (NEST heads/v2.20.0@37722d5e3),4,6,6,20,false,in,144,24,0.6360387802124023,158.17090392112732,163.67708778381348,3830.5627810955048,50.81877255439758,56.757965087890625,27517012,514908244,564336652,,2000000,9999991750,1.5,1.5
GIT: (NEST heads/v2.20.0@37722d5e3),8,6,6,40,false,in,288,48,0.9511792659759521,263.1362099647522,270.36455392837524,12756.191237926483,59.57109832763672,66.81362533569336,55037484,1029832236,1062767348,,4000000,20000052400,1.5,1.5
,16,6,6,80,false,in,576,96,,,,,,,,,,,,,,
,32,6,6,160,false,in,1152,192,,,,,,,,,,,,,,

