git,NUMBER_OF_NODES,TASKS_PER_NODE,THREADS_PER_TASK,SCALE,PLASTIC,RULE,NUM_VPS,num_tasks,T_nrns,T_conns_min,T_conns_max,T_conns_sum,T_ini_min,T_ini_max,VSize_nodes_sum,VSize_mem_sum,VSize_ini_sum,VSize_sum,N_nrns,N_conns_sum,d_min,d_max
GIT: (master@8f5a5fc1e),1,6,6,5,false,in,36,6,0.0940699577332,73.9408435822,85.7320914268,459.566863298,73.8685634136,85.6596980095,11081544,132880200,133328432,133328432,500001,2500500000,1.0,1.5
GIT: (master@8f5a5fc1e),2,6,6,10,false,in,72,12,0.159029245377,85.6352388859,97.3977200985,1059.9196496,84.1928322315,95.9551894665,22454852,265880132,280152084,280152084,1000001,5001016550,1.0,1.5
,4,6,6,20,false,in,144,24,,,,,,,,,,,,,,
,8,6,6,40,false,in,288,48,,,,,,,,,,,,,,
,16,6,6,80,false,in,576,96,,,,,,,,,,,,,,
,32,6,6,160,false,in,1152,192,,,,,,,,,,,,,,

