git,NUMBER_OF_NODES,TASKS_PER_NODE,THREADS_PER_TASK,SCALE,PLASTIC,RULE,NUM_VPS,num_tasks,T_nrns,T_conns_min,T_conns_max,T_conns_sum,T_ini_min,T_ini_max,T_sim,T_sim_max,N_spks_sum,VSize_nodes_sum,VSize_mem_sum,VSize_ini_sum,VSize_sum,N_nrns,N_conns_sum,d_min,d_max
,1,6,6,10,false,in,,6,,,,,,,,,,,,,,,,,
GIT: (master@f1c0bcf43),2,6,6,10,false,in,,12,0.07729887962341309,75.24727702140808,84.14811301231384,923.0067455768585,75.79310488700867,84.6929669380188,,,,22454948,265880228,274641016,,1000000,4999999900,1.5,1.5
GIT: (master@f1c0bcf43),4,6,6,10,false,in,,24,0.07136344909667969,48.86335325241089,55.762787103652954,1201.5807259082794,39.19236993789673,46.0920684337616,,,,42356980,284676340,309351124,,1000000,5000012050,1.5,1.5
GIT: (master@f1c0bcf43),8,6,6,10,false,in,,48,0.059204816818237305,35.60019540786743,39.39805507659912,1739.1598167419434,20.39789867401123,24.200016736984253,,,,83341164,321924972,363084852,,1000000,5000003950,1.5,1.5
GIT: (master@f1c0bcf43),16,6,6,10,false,in,,96,0.038503408432006836,29.52890706062317,31.526184558868408,2870.81449174881,10.755967140197754,12.758814811706543,,,,165175716,405578148,472824628,,1000000,4999981750,1.5,1.5
GIT: (master@f1c0bcf43),32,6,6,10,false,in,,192,0.1391901969909668,26.240524768829346,27.756606817245483,5089.404345989227,5.922681570053101,7.444306135177612,,,,328250004,554840724,729531828,,1000000,4999965500,1.5,1.5
GIT: (master@f1c0bcf43),64,6,6,10,false,in,,384,0.08850812911987305,24.39257574081421,25.539916515350342,9452.863486766815,4.245760679244995,5.4072487354278564,,,,658518900,904659828,1178393012,,1000000,4999995500,1.5,1.5
GIT: (master@f1c0bcf43),128,6,6,10,false,in,,768,1.0932629108428955,23.2358660697937,24.339001655578613,18018.04502105713,2.3500561714172363,3.499399423599243,,,,1311731508,1525579572,1949877172,,1000000,5000094450,1.5,1.5

