git,NUMBER_OF_NODES,TASKS_PER_NODE,THREADS_PER_TASK,SCALE,PLASTIC,RULE,NUM_VPS,num_tasks,T_nrns,T_conns_min,T_conns_max,T_conns_sum,T_ini_min,T_ini_max,VSize_nodes_sum,VSize_mem_sum,VSize_ini_sum,VSize_sum,N_nrns,N_conns_sum,d_min,d_max
GIT: (master@f1c0bcf43),1,6,6,5,false,in,36,6,0.059151649475097656,63.56078791618347,73.32576823234558,392.1039891242981,73.99485564231873,83.75981450080872,11081592,132880248,133328488,,500000,2500000000,1.5,1.5
GIT: (master@f1c0bcf43),2,6,6,10,false,in,72,12,0.25287485122680664,75.06973814964294,88.65452122688293,925.4430668354034,76.3995361328125,89.99040460586548,22457252,265882532,274643304,,1000000,4999996950,1.5,1.5
GIT: (master@f1c0bcf43),4,6,6,20,false,in,144,24,0.2867903709411621,97.66152167320251,111.65987014770508,2395.130366563797,75.00498223304749,89.01564288139343,44916980,531767540,581199028,,2000000,10000013850,1.5,1.5
GIT: (master@f1c0bcf43),8,6,6,40,false,in,288,48,0.22484326362609863,142.46350932121277,157.55712008476257,6976.391416788101,78.27589273452759,93.39720582962036,89829228,1063542636,1096477748,,4000000,20000003700,1.5,1.5
,16,6,6,80,false,in,576,96,,,,,,,,,,,,,,
,32,6,6,160,false,in,1152,192,,,,,,,,,,,,,,

