git,NUMBER_OF_NODES,TASKS_PER_NODE,THREADS_PER_TASK,SCALE,PLASTIC,RULE,NUM_VPS,num_tasks,T_nrns,T_conns_min,T_conns_max,T_conns_sum,T_ini_min,T_ini_max,VSize_nodes_sum,VSize_mem_sum,VSize_ini_sum,VSize_sum,N_nrns,N_conns_sum,d_min,d_max
,1,6,6,10,false,in,,6,,,,,,,,,,,,,,
GIT: (NEST master@d4d1b3f59),2,6,6,10,false,in,,12,0.218323469162,71.6597692966,75.8894340992,869.71451807,75.6026420593,79.8378903866,21652868,265250180,274010960,,1000000,4999987050,1.5,1.5
GIT: (NEST master@d4d1b3f59),4,6,6,10,false,in,,24,1.41447329521,46.8198218346,48.6648411751,1133.60358763,38.1129608154,39.9735741615,40556212,283416244,309074068,,1000000,5000011450,1.5,1.5
GIT: (NEST master@d4d1b3f59),8,6,6,10,false,in,,48,0.186778783798,34.5056641102,36.4792165756,1673.59928918,19.7597651482,21.7435991764,79870700,319404780,360892340,,1000000,4999994500,1.5,1.5
GIT: (NEST master@d4d1b3f59),16,6,6,10,false,in,,96,0.695377588272,28.8010752201,30.45586133,2788.59620452,10.8293893337,12.4939892292,157972644,392673444,463770164,,1000000,4999985150,1.5,1.5
GIT: (NEST master@d4d1b3f59),32,6,6,10,false,in,,192,2.34460568428,25.6515755653,27.2778697014,4971.75310135,6.0579636097,7.69353699684,313843860,544759956,719492020,,1000000,5000026600,1.5,1.5
GIT: (NEST master@d4d1b3f59),64,6,6,10,false,in,,384,0.852711439133,23.9341902733,25.4249851704,9282.43045878,5.76593470573,7.26867365837,630284148,884498292,1148302772,,1000000,4999998150,1.5,1.5
GIT: (NEST master@d4d1b3f59),128,6,6,10,false,in,,768,6.6867480278,22.8237345219,25.2280979156,17709.6128609,2.6089720726,5.02824473381,1255225140,1472673588,1868841908,,1000000,5000008750,1.5,1.5

