git,NUMBER_OF_NODES,TASKS_PER_NODE,THREADS_PER_TASK,SCALE,PLASTIC,RULE,NUM_VPS,num_tasks,T_nrns,T_conns_min,T_conns_max,T_conns_sum,T_ini_min,T_ini_max,T_sim,T_sim_max,N_spks_sum,VSize_nodes_sum,VSize_mem_sum,VSize_ini_sum,VSize_sum,N_nrns,N_conns_sum,d_min,d_max
,1,6,6,10,false,in,,6,,,,,,,,,,,,,,,,,
GIT: (master@8f5a5fc1e),2,6,6,10,false,in,,12,0.0989434719086,85.5418710709,97.7333962917,1058.31579804,80.0918073654,92.283416748,50.4826843739,50.4827260971,0,22454852,265880132,279422996,279422996,1000001,5000998500,1.0,1.5
GIT: (master@8f5a5fc1e),4,6,6,10,false,in,,24,0.0775237083435,54.366502285,61.8804295063,1339.16019678,41.3518800735,48.8661375046,38.6838285923,38.683835268,0,42971188,284676148,324002324,324002324,1000001,5001017150,1.0,1.5
GIT: (master@8f5a5fc1e),8,6,6,10,false,in,,48,0.319292783737,38.5618908405,42.442909956,1880.85793686,21.9275541306,25.8090751171,33.5602655411,33.5602855682,0,83340780,321924588,402633396,402633396,1000001,5000996550,1.0,1.5
GIT: (master@8f5a5fc1e),16,6,6,10,false,in,,96,0.16907119751,31.3264245987,33.3500752449,3044.17236614,12.7320415974,14.7551491261,26.8284797668,26.828543663,0,165064356,405577380,541726772,541726772,1000001,5001012250,1.0,1.5
GIT: (master@8f5a5fc1e),32,6,6,10,false,in,,192,1.3265273571,27.5288341045,28.8599443436,5333.41093802,8.19719266891,9.52834200859,49.8149595261,49.8151271343,0,327769236,554839188,893732788,893732788,1000001,5000989750,1.0,1.5
GIT: (master@8f5a5fc1e),64,6,6,10,false,in,,384,0.347351312637,25.4666702747,26.848692894,9865.10117364,6.73083615303,8.11265277863,41.3288867474,41.3294994831,0,658663284,904656756,1467489716,1470408116,1000001,5000996000,1.0,1.5
GIT: (master@8f5a5fc1e),128,6,6,10,false,in,,768,1.35676240921,24.167018652,25.6434826851,18732.8792965,3.80246472359,5.27947473526,30.2947244644,30.29484725,0,1311332148,1525573428,2272846772,2274517940,1000001,5001038250,1.0,1.5

