git,NUMBER_OF_NODES,TASKS_PER_NODE,THREADS_PER_TASK,SCALE,PLASTIC,RULE,NUM_VPS,num_tasks,T_nrns,T_conns_min,T_conns_max,T_conns_sum,T_ini_min,T_ini_max,VSize_nodes_sum,VSize_mem_sum,VSize_ini_sum,VSize_sum,N_nrns,N_conns_sum,d_min,d_max
GIT: (master@caaf06324),1,6,6,4,false,in,36,6,0.049472808837890625,40.622819662094116,50.10087966918945,253.87050676345825,46.98619270324707,56.48182201385498,10866552,82904952,87564384,,400000,1600000000,1.5,1.5
GIT: (master@caaf06324),2,6,6,8,false,in,72,12,0.10854983329772949,60.12659168243408,70.8327317237854,740.830295085907,60.68558716773987,71.39566588401794,21852836,227934884,228725880,,800000,3999994550,1.5,1.5
GIT: (master@caaf06324),4,6,6,16,false,in,144,24,0.09208440780639648,78.14890384674072,89.31036448478699,1912.724335193634,63.240373849868774,74.41202759742737,43708660,455872756,470037648,,1600000,7999977650,1.5,1.5
GIT: (master@caaf06324),8,6,6,32,false,in,288,48,0.20923829078674316,113.9955894947052,125.9967532157898,5575.892706632614,64.87890553474426,76.90260815620422,87420780,911748972,939179060,,3200000,16000003800,1.5,1.5
GIT: (master@caaf06324),16,6,6,64,false,in,576,96,0.27651500701904297,188.8467423915863,201.4337477684021,18350.182499170303,66.01335406303406,78.63086462020874,175079844,1823736228,1878596404,,6400000,32000010400,1.5,1.5
GIT: (master@caaf06324),32,6,6,128,false,in,1152,192,0.4170398712158203,336.4235157966614,356.25949239730835,65168.13394713402,79.39246892929077,99.51904582977295,351056532,3648418452,3758138804,,12800000,63999978850,1.5,1.5

