git,NUMBER_OF_NODES,TASKS_PER_NODE,THREADS_PER_TASK,SCALE,PLASTIC,RULE,NUM_VPS,num_tasks,T_nrns,T_conns_min,T_conns_max,T_conns_sum,T_ini_min,T_ini_max,VSize_nodes_sum,VSize_mem_sum,VSize_ini_sum,VSize_sum,N_nrns,N_conns_sum,d_min,d_max
,1,6,6,5,false,in,36,6,0.13159394264221191,57.90569710731506,67.43149638175964,358.5369646549225,45.57833743095398,55.21644353866577,8215560,130014216,130462448,,500000,2500000000,1.5,1.5
,2,6,6,10,false,in,72,12,0.07507991790771484,69.33549237251282,78.47179627418518,859.7376828193665,47.70424294471741,56.94424343109131,16548292,260145604,268906392,,1000000,4999988350,1.5,1.5
,4,6,6,20,false,in,144,24,0.10647988319396973,89.55099701881409,98.5418770313263,2205.860202550888,51.19120788574219,60.03993320465088,33100852,520299316,571041508,,2000000,9999979450,1.5,1.5
,8,6,6,40,false,in,288,48,0.17017483711242676,130.73655533790588,144.961172580719,6400.101464986801,61.675068616867065,76.23115134239197,66212844,1040602092,1073537204,,4000000,20000032500,1.5,1.5
,16,6,6,80,false,in,576,96,,,,,,,,,,,,,,
,32,6,6,160,false,in,1152,192,,,,,,,,,,,,,,

