git,NUMBER_OF_NODES,TASKS_PER_NODE,THREADS_PER_TASK,SCALE,PLASTIC,RULE,NUM_VPS,num_tasks,T_nrns,T_conns_min,T_conns_max,T_conns_sum,T_ini_min,T_ini_max,VSize_nodes_sum,VSize_mem_sum,VSize_ini_sum,VSize_sum,N_nrns,N_conns_sum,d_min,d_max
GIT: (NEST master@1e0ce51e1),1,6,6,4,false,in,36,6,0.0483386516571,39.8097321987,50.3617866039,250.230389833,50.1298356056,60.6826450825,10071840,82110240,87556088,,400000,1600000000,1.5,1.5
GIT: (NEST master@1e0ce51e1),2,6,6,8,false,in,72,12,0.0632009506226,59.0330841541,71.7532727718,733.82619977,64.0783679485,76.8024454117,20263412,226345460,227136456,,800000,3999998450,1.5,1.5
GIT: (NEST master@1e0ce51e1),4,6,6,16,false,in,144,24,0.117661237717,76.1823642254,89.4520144463,1879.9756763,64.3052821159,77.5832970142,40529812,452693908,466858796,,1600000,7999975650,1.5,1.5
GIT: (NEST master@1e0ce51e1),8,6,6,32,false,in,288,48,0.139259338379,110.337560177,124.580172777,5415.69116354,65.235054493,79.4966440201,81063084,905391276,932821364,,3200000,16000024150,1.5,1.5
GIT: (NEST master@1e0ce51e1),16,6,6,64,false,in,576,96,0.23770737648,181.940656185,196.375190258,17714.9655812,66.1735725403,80.6355280876,162364452,1811020836,1865881012,,6400000,31999954600,1.5,1.5
GIT: (NEST master@1e0ce51e1),32,6,6,128,false,in,1152,192,0.428127527237,322.873967886,340.945242405,62650.6690691,80.9580760002,99.0880696774,325625748,3622987668,3732708020,,12800000,64000089400,1.5,1.5

