NUMBER_OF_NODES,TASKS_PER_NODE,THREADS_PER_TASK,SCALE,PLASTIC,RULE,NUM_VPS,num_tasks,T_nrns,T_conns_min,T_conns_max,T_conns_sum,T_ini_min,T_ini_max,VSize_nodes_sum,VSize_mem_sum,VSize_ini_sum,VSize_sum,N_nrns,N_conns_sum,d_min,d_max
1,6,6,5,false,in,36,6,0.2403116226196289,82.39548444747925,90.72788715362549,506.9679374694824,42.445847034454346,50.76394820213318,6693600,128541408,128989636,,500000,2500000000,1.5,1.5
2,6,6,10,false,in,72,12,0.2825744152069092,113.6379623413086,122.11924314498901,1384.7873857021332,42.04819941520691,50.52543568611145,13506928,257202544,262031160,,1000000,4999998300,1.5,1.5
4,6,6,20,false,in,144,24,0.3876769542694092,172.2837429046631,181.90487933158875,4197.287179708481,41.48026442527771,51.09739303588867,27016840,514408072,544303688,,2000000,10000017450,1.5,1.5
8,6,6,40,false,in,288,48,0.8082880973815918,296.23966789245605,307.8606688976288,14388.077592134476,44.48992204666138,56.076844453811646,54037136,1028819600,1061753688,,4000000,20000039850,1.5,1.5
16,6,6,80,false,in,576,96,1.0012423992156982,524.2366006374359,539.818027973175,50942.48552727699,55.32161569595337,70.95200800895691,108287976,2057877480,2178445688,,8000000,39999894550,1.5,1.5
32,6,6,160,false,in,1152,192,1.813913106918335,1025.495775938034,1052.8240859508514,199191.0193617344,98.69087505340576,126.96142816543579,217472792,4116651800,4334983736,,16000000,80000106600,1.5,1.5

