git,NUMBER_OF_NODES,TASKS_PER_NODE,THREADS_PER_TASK,SCALE,PLASTIC,RULE,NUM_VPS,num_tasks,T_nrns,T_conns_min,T_conns_max,T_conns_sum,T_ini_min,T_ini_max,VSize_nodes_sum,VSize_mem_sum,VSize_ini_sum,VSize_sum,N_nrns,N_conns_sum,d_min,d_max
GIT: (NEST master@630a97265),1,6,6,5,false,in,,6,0.349245548248291,57.80458378791809,58.19709610939026,347.76463890075684,78.62207698822021,79.23732781410217,11148264,132946920,133395144,,500000,2500000000,1.5,1.5
GIT: (NEST master@630a97265),2,6,6,5,false,in,,12,0.2866785526275635,34.527904748916626,34.84645700454712,415.4576840400696,38.82547211647034,39.12802529335022,21311364,142470020,147139700,,500000,2500000000,1.5,1.5
GIT: (NEST master@630a97265),4,6,6,5,false,in,,24,0.1848762035369873,22.54347062110901,22.779677391052246,543.5009336471558,20.39703679084778,21.25567626953125,41591476,161227444,174793876,,500000,2500000000,1.5,1.5
GIT: (NEST master@630a97265),8,6,6,5,false,in,,48,0.19488310813903809,16.54748249053955,17.054141998291016,798.8794558048248,11.679157972335815,12.188732862472534,82064108,199283436,223043508,,500000,2500000000,1.5,1.5
GIT: (NEST master@630a97265),16,6,6,5,false,in,,96,0.24720335006713867,13.52098298072815,14.03660535812378,1311.736032485962,7.211241245269775,7.7407331466674805,162605220,278063268,332743220,,500000,2500000000,1.5,1.5
GIT: (NEST master@630a97265),32,6,6,5,false,in,,192,1.5379769802093506,12.033567905426025,12.666281938552856,2332.1869509220123,4.538678884506226,5.180651664733887,326058132,453165204,530498484,,500000,2500000000,1.5,1.5
GIT: (NEST master@630a97265),64,6,6,5,false,in,,384,2.509483575820923,11.228553533554077,11.718058347702026,4349.808127403259,2.479983329772949,3.5231564044952393,649797492,769728372,922740148,,500000,2500000000,1.5,1.5
GIT: (NEST master@630a97265),128,6,6,5,false,in,,768,8.277358531951904,10.770785331726074,11.485118865966797,8364.62372803688,1.4140136241912842,2.1343765258789062,1294448436,1412413236,1642093492,,500000,2500000000,1.5,1.5

