git,NUMBER_OF_NODES,TASKS_PER_NODE,THREADS_PER_TASK,SCALE,PLASTIC,RULE,NUM_VPS,num_tasks,T_nrns,T_conns_min,T_conns_max,T_conns_sum,T_ini_min,T_ini_max,T_sim,T_sim_max,N_spks_sum,VSize_nodes_sum,VSize_mem_sum,VSize_ini_sum,VSize_sum,N_nrns,N_conns_sum,d_min,d_max
GIT: (master@8f5a5fc1e),1,6,6,4,false,in,36,6,0.055739402771,47.274928093,57.1281070709,295.45714426,49.8803844452,59.7337684631,30.8944945335,30.8944945335,0,10866504,82904904,88104996,88104996,400001,1600400000,1.0,1.5
GIT: (master@8f5a5fc1e),2,6,6,8,false,in,72,12,0.0660877227783,68.4805781841,77.7188870907,846.231744289,64.1930100918,73.4308853149,38.7885320187,38.7885344028,0,21852740,227934788,233368588,233368588,800001,4000796050,1.0,1.5
GIT: (master@8f5a5fc1e),4,6,6,16,false,in,144,24,0.259531259537,87.0650215149,98.3822455406,2139.72221756,67.3519980907,78.6698439121,64.797524929,64.7975511551,0,43708468,455872564,488854492,488854492,1600001,8001629900,1.0,1.5
GIT: (master@8f5a5fc1e),8,6,6,32,false,in,288,48,0.239830255508,123.370981455,135.742772818,6029.59329343,71.0281751156,83.4040560722,167.480526447,167.480659962,0,87420396,911748588,1018288820,1018288820,3200001,16003217500,1.0,1.5
GIT: (master@8f5a5fc1e),16,6,6,64,false,in,576,96,0.290078401566,200.750428438,213.120173693,19474.4297628,120.947394371,133.329848289,125.315001726,125.315463066,0,175079076,1823735460,2037254196,2037254196,6400001,32006377850,1.0,1.5
GIT: (master@8f5a5fc1e),32,6,6,128,false,in,1152,192,0.86523938179,352.575103045,369.61558795,68247.7532542,89.643743515,106.68137908,141.80624032,141.806679726,0,351054996,3648416916,4144854964,4144854964,12800001,64012850150,1.0,1.5

