NUMBER_OF_NODES,TASKS_PER_NODE,THREADS_PER_TASK,num_tasks,NUM_VPS,SCALE,count,T_nrns,T_conns_max,T_conns_min,VSize_nodes_sum,VSize_mem_sum,VSize_ini_sum,VSize_sum,N_nrns,N_conns_sum
1,6,6,6,36,1,,3.1979308128356934,133.16586995124817,133.16538095474243,7717088,45797600,,,661029,606800447
2,6,6,12,72,2,,6.529109239578247,296.8235001564026,296.8054475784302,17315184,148018544,,,1321997,2422234605
4,6,6,24,144,4,,12.224594593048096,601.7475786209106,601.7040929794312,45746056,537835400,,,2643933,9679000033
8,6,6,48,288,8,,,,,,,,,,

