git,NUMBER_OF_NODES,TASKS_PER_NODE,THREADS_PER_TASK,num_tasks,NUM_VPS,SCALE,PLASTIC,T_nrns,T_conns_min,T_conns_max,T_conns_sum,T_ini_min,T_ini_max,T_equ,T_sim,VSize_nodes_sum,VSize_mem_sum,VSize_ini_sum,VSize_sum,N_spks_sum,Rate_sum,N_nrns,N_conns_sum,d_min,d_max
GIT: (feature/cpp11-librandom@9443a8907),1,6,6,6,,,,0.0446538925171,0.699559211731,0.75758600235,4.27252340317,0.388894319534,0.450740814209,,1.33119988441,10320840,10671048,12054592,12394560,430434,,35206,4811924,1.0,8.5
GIT: (feature/cpp11-librandom@9443a8907),2,6,6,12,,,,0.0407168865204,0.416297197342,0.44108748436,5.06390976906,0.439749002457,0.470500707626,,0.741638422012,20908868,21154628,23882804,23882804,431422,,35206,4812828,1.0,8.5
GIT: (feature/cpp11-librandom@9443a8907),4,6,6,24,,,,0.0345504283905,0.271864891052,0.338935375214,6.73778295517,0.330788612366,0.632038116455,,0.60108757019,41820724,41820724,46279700,47296532,431173,,35206,4813682,1.0,8.5
,8,6,6,48,,,,,,,,,,,,,,,,,,,,,
,16,6,6,96,,,,,,,,,,,,,,,,,,,,,
GIT: (feature/cpp11-librandom@9443a8907),32,6,6,192,,,,0.0355570316315,0.124492168427,0.213792085648,29.8059654236,0.219221353531,1.18245887756,,0.227184534073,335854740,335854740,338097076,339026868,431208,,35206,4810928,1.0,8.5
GIT: (feature/cpp11-librandom@9443a8907),64,6,6,384,,,,0.0306334495544,0.105824708939,0.251536846161,52.8682060242,0.211043834686,10.7054722309,,0.295909643173,669759348,669759348,683836852,686472628,434683,,35206,4814001,1.0,8.5
GIT: (feature/cpp11-librandom@9443a8907),128,6,6,768,,,,0.0257992744446,0.099357843399,0.263786554337,105.874810934,0.328166246414,15.6200168133,,0.37092757225,1333831476,1333831476,1372416948,1373791156,431485,,35206,4812575,1.0,8.5

