git,NUMBER_OF_NODES,TASKS_PER_NODE,THREADS_PER_TASK,num_tasks,NUM_VPS,SCALE,PLASTIC,T_nrns,T_conns_min,T_conns_max,T_conns_sum,T_ini_min,T_ini_max,T_equ,T_sim,VSize_nodes_sum,VSize_mem_sum,VSize_ini_sum,VSize_sum,N_spks_sum,Rate_sum,N_nrns,N_conns_sum,d_min,d_max
GIT: (lbrn@a4c9117c7),1,6,6,6,36,20,true,0.16,57.58,62.85,351.45000000000005,80.66,85.97,16.53,233.18,4979592,108247944,108893184,108954624,1592663,7.0409999999999995,225000,2531476000,1.5,1.5
GIT: (lbrn@a4c9117c7),2,6,6,12,72,40,true,0.15,57.12,67.15,705.1499999999999,82.33,92.37,17.53,235.07,10164932,216615620,218244020,218244020,3134195,7.083,450000,5062951000,1.5,1.5
GIT: (lbrn@a4c9117c7),4,6,6,24,144,80,true,0.15,57.38,64.68,1407.7400000000002,81.87,89.14,17.79,240.28,20332852,433234228,449712916,449712916,6279787,6.9159999999999995,900000,10125901000,1.5,1.5
GIT: (lbrn@a4c9117c7),8,6,6,48,288,160,true,0.15,57.98,68.36,2856.1,87.12,97.5,18.55,251.58,40439788,866471916,901213364,901213364,12401264,6.865999999999998,1800000,20251801000,1.5,1.5
GIT: (lbrn@a4c9117c7),16,6,6,96,576,320,true,0.1,58.97,69.5,5816.07,89.17,99.8,20.92,274.08,81093284,1733157540,1853701172,1853701172,24922089,6.812000000000004,3600000,40503601000,1.5,1.5
GIT: (lbrn@a4c9117c7),32,6,6,192,1152,640,true,0.1,60.56,70.42,11932.970000000003,93.3,103.17,24.45,316.01,163034260,3467162772,4168673204,4168673204,49730537,6.911999999999997,7200000,81007201000,1.5,1.5

