git,NUMBER_OF_NODES,TASKS_PER_NODE,NUM_VPS,THREADS_PER_TASK,SCALE,NUM_VPS,num_tasks,T_network_local,T_network_global_min,T_network_global_max,T_network_global_sum,T_create_min,T_create_max,T_create_sum,T_connect_max,T_connect_min,T_connect_sum,T_ini_min,T_ini_max,T_sim,VSize_sum,VSize_ini_sum,VSize_net_sum,N_spks_sum,N_nrns,N_conns_sum
GIT: (lbrn@a4c9117c7),1,6,36,6,0.0625,36,6,62.25885033607483,54.75841426849365,61.82585668563843,338.54550671577454,3.533865451812744,3.9697887897491455,21.854934453964233,66.39918303489685,58.309693336486816,360.05092883110046,50.74916338920593,50.74922752380371,675.8498022556305,100454952,100362792,99477936,25171262,258257,1508419407
GIT: (lbrn@a4c9117c7),2,6,72,6,0.125,72,12,70.20920443534851,56.56275701522827,63.937530755996704,697.6150794029236,5.883235454559326,6.354621887207031,71.58364629745483,66.7074134349823,57.833969593048096,720.8864502906799,53.68348264694214,53.68363308906555,702.8507695198059,206454788,206331908,199075604,48927694,516390,3016843251
GIT: (lbrn@a4c9117c7),4,6,144,6,0.25,144,24,75.28309512138367,61.05362915992737,63.06115746498108,1481.479305267334,10.466230154037476,10.594550371170044,252.7148563861847,64.91677737236023,58.39979267120361,1441.9851689338684,51.68607234954834,51.68618845939636,926.254120349884,422146996,421686196,398088660,100143119,1032642,6033690822
GIT: (lbrn@a4c9117c7),8,6,288,6,0.5,288,48,79.92248296737671,69.04994344711304,77.04317951202393,3391.1181745529175,18.565659523010254,19.918989419937134,915.8067970275879,67.97462105751038,59.11595129966736,2941.1444799900055,55.232999324798584,55.233203411102295,282.8008074760437,875941364,875941364,796311852,11196493,2065150,12067386057
GIT: (lbrn@a4c9117c7),16,6,576,6,1.0,576,96,94.21949934959412,80.74021935462952,94.66393947601318,8335.130870342255,28.977946519851685,34.51095128059387,3161.3513712882996,70.76226854324341,54.63721036911011,6013.610913991928,55.999159812927246,55.9994113445282,316.26076102256775,1645066036,1645066036,1572904356,21967030,4130179,24134776576
GIT: (lbrn@a4c9117c7),32,6,1152,6,2.0,1152,192,119.1046154499054,103.53452348709106,128.00321340560913,23112.25961971283,49.460750579833984,58.29821276664734,10770.812462806702,74.53205394744873,57.335856676101685,12796.493324279785,60.07988500595093,60.080132484436035,444.53952836990356,3579709364,3579709364,3186218132,43937103,8260233,48269557645

