git,NUMBER_OF_NODES,TASKS_PER_NODE,NUM_VPS,THREADS_PER_TASK,SCALE,NUM_VPS,num_tasks,T_network_local,T_network_global_min,T_network_global_max,T_network_global_sum,T_create_min,T_create_max,T_create_sum,T_connect_max,T_connect_min,T_connect_sum,T_ini_min,T_ini_max,T_sim,VSize_sum,VSize_ini_sum,VSize_net_sum,N_spks_sum,N_nrns,N_conns_sum
GIT: (lbrn@a4c9117c7),32,6,,6,1,,192,68.36980152130127,73.69482612609863,92.09816908836365,16301.913453578949,28.0166015625,33.69232511520386,6164.38069319725,40.099196910858154,30.978588819503784,6906.074228525162,30.73661756515503,30.736759662628174,208.4344334602356,2076859828,2076859828,1738943124,22011955,4130179,24134776576
GIT: (lbrn@a4c9117c7),48,6,,6,1,,288,59.65131449699402,75.22969460487366,94.32655811309814,25176.478139162064,27.685458660125732,33.30730080604553,9136.268730401993,30.983187198638916,24.198965549468994,8139.854111433029,22.023038148880005,22.023221492767334,229.7415475845337,2218588980,2218588980,1797500548,21918994,4130179,24134776576
GIT: (lbrn@a4c9117c7),64,6,,6,1,,384,56.71551299095154,78.51534104347229,98.27296853065491,35080.438031196594,27.534200191497803,33.0883994102478,12184.58454489708,27.500592470169067,21.57728934288025,9740.13704776764,18.736170291900635,18.736340761184692,182.94242072105408,2576085428,2569972148,2123887476,21965447,4130179,24134776576
GIT: (lbrn@a4c9117c7),80,6,,6,1,,480,57.02972054481506,81.71895241737366,102.57435512542725,45538.027532577515,27.371724605560303,32.793413162231445,15106.45822429657,25.711060285568237,20.568341970443726,11502.401198863983,15.903379201889038,15.903985977172852,198.273193359375,2878583732,2873969588,2365010916,21955613,4130179,24134776576
GIT: (lbrn@a4c9117c7),96,6,,6,1,,576,,,,,,,,,,,,,,,,,,,
GIT: (lbrn@a4c9117c7),112,6,,6,1,,672,,,,,,,,,,,,,,,,,,,
GIT: (lbrn@a4c9117c7),128,6,,6,1,,768,,,,,,,,,,,,,,,,,,,

