git,NUMBER_OF_NODES,TASKS_PER_NODE,NUM_VPS,THREADS_PER_TASK,SCALE,NUM_VPS,num_tasks,T_network_local,T_network_global_min,T_network_global_max,T_network_global_sum,T_create_min,T_create_max,T_create_sum,T_connect_max,T_connect_min,T_connect_sum,T_ini_min,T_ini_max,T_sim,VSize_sum,VSize_ini_sum,VSize_net_sum,N_spks_sum,N_nrns,N_conns_sum
GIT: (feature/cpp11-librandom@9443a8907),1,6,36,6,0.0625,36,6,81.5856602192,56.5517542362,58.1359305382,342.656137228,3.58522224426,3.64282917976,21.6550290585,77.9627139568,65.7285518646,409.40454483,50.4510371685,50.4510746002,142.681972504,100423160,100398584,99476864,5673816,258257,1508419407
GIT: (feature/cpp11-librandom@9443a8907),2,6,72,6,0.125,72,12,72.1069357395,58.6542692184,67.0309624672,725.259907722,5.92900586128,6.48412919044,72.6080765724,80.2313511372,66.1119978428,826.845691204,50.7467465401,50.7468323708,149.579495668,206608036,206423716,199075252,10875384,516390,3016843251
GIT: (feature/cpp11-librandom@9443a8907),4,6,144,6,0.25,144,24,77.9125959873,62.8169386387,65.5162494183,1534.24807572,10.5589411259,10.7059986591,255.471849203,79.2028889656,66.9485318661,1663.99078941,51.9736711979,51.9738030434,117.036601067,422639860,422209780,398153492,13255172,1032642,6033690822
GIT: (feature/cpp11-librandom@9443a8907),8,6,288,6,0.5,288,48,88.1210677624,71.1010503769,79.4923171997,3479.21033001,18.9474902153,20.2380650043,924.81618762,81.7204737663,66.5618813038,3392.53568983,53.6528532505,53.6529767513,60.1078269482,876231284,876231284,796313004,2882776,2065150,12067386057
GIT: (feature/cpp11-librandom@9443a8907),16,6,576,6,1.0,576,96,104.762406111,81.0097224712,96.1192016602,8497.03398609,30.6010332108,35.1394982338,3218.3630197,84.3808534145,65.965259552,6982.9832871,55.7019774914,55.7021446228,70.0657324791,1642796084,1642796084,1572928164,5582985,4130179,24134776576
GIT: (feature/cpp11-librandom@9443a8907),32,6,1152,6,2.0,1152,192,132.501132488,105.661198378,129.370283604,23311.883291,50.0487215519,58.8308882713,10893.893568,89.001591444,66.6671161652,14842.9299834,59.3934381008,59.393632412,92.9277689457,3576463028,3576463028,3186510740,11164027,8260233,48269557645

