git,NUMBER_OF_NODES,TASKS_PER_NODE,THREADS_PER_TASK,SCALE,PLASTIC,RULE,NUM_VPS,num_tasks,T_nrns,T_conns_min,T_conns_max,T_conns_sum,T_ini_min,T_ini_max,VSize_nodes_sum,VSize_mem_sum,VSize_ini_sum,VSize_sum,N_nrns,N_conns_sum,d_min,d_max
GIT: (feature/cpp11-librandom@9443a8907),1,6,6,1,false,in,36,6,0.0211288928986,3.06995415688,3.7442240715,19.1801505089,4.23547697067,4.90972805023,10213320,14941128,15903552,15903552,100001,100100000,1.0,1.5
GIT: (feature/cpp11-librandom@9443a8907),2,6,6,2,false,in,72,12,0.0284242630005,7.08023238182,8.70952606201,88.4891729355,6.57393240929,8.20332956314,20693828,40569668,42880052,42880052,200001,400200000,1.0,1.5
GIT: (feature/cpp11-librandom@9443a8907),4,6,6,4,false,in,144,24,0.0451636314392,17.7843952179,21.0371088982,440.503753901,12.7612538338,16.0141494274,41390644,113484340,131326996,131326996,400001,1600400000,1.0,1.5
GIT: (feature/cpp11-librandom@9443a8907),8,6,6,8,false,in,288,48,1.46747231483,31.1733427048,35.3780150414,1529.09116292,17.4070491791,21.6117444038,82391532,284086764,332275380,332275380,800001,4000798950,1.0,1.5
GIT: (feature/cpp11-librandom@9443a8907),16,6,6,16,false,in,576,96,0.119518995285,50.1932296753,54.5513000488,4886.61441731,19.273194313,23.6318731308,164984484,568387236,756189236,756189236,1600001,8001576750,1.0,1.5
GIT: (feature/cpp11-librandom@9443a8907),32,6,6,32,false,in,1152,192,0.46858716011,87.6054341793,93.0815496445,17003.6224499,22.2118477821,27.6923332214,330841236,1137622164,1665822644,1665822644,3200001,16003220700,1.0,1.5

