git,NUMBER_OF_NODES,TASKS_PER_NODE,THREADS_PER_TASK,num_tasks,NUM_VPS,SCALE,PLASTIC,T_nrns,T_conns_min,T_conns_max,T_conns_sum,T_ini_min,T_ini_max,T_equ,T_sim,VSize_nodes_sum,VSize_mem_sum,VSize_ini_sum,VSize_sum,N_spks_sum,Rate_sum,N_nrns,N_conns_sum,d_min,d_max
(librand@622ec32),1,6,6,6,,,,0.025094985961914062,0.35590124130249023,1.1667742729187012,3.6514971256256104,0.6551427841186523,1.479722023010254,,3.9563710689544678,5337528,5615544,6101760,6259456,430434,,35206,4811924,1.0,8.5
(librand@622ec32),2,6,6,12,,,,0.035462141036987305,0.24962568283081055,0.8022732734680176,4.792856454849243,1.4884443283081055,2.098432779312134,,6.0041115283966064,10664872,10969004,12271152,12314160,431422,,35206,4812828,1.0,8.5
(librand@622ec32),4,6,6,24,,,,0.02423882484436035,0.13283348083496094,0.39867591857910156,5.542235374450684,1.6378355026245117,2.4539072513580322,,8.52485203742981,22885176,23087944,24481888,24652896,431173,,35206,4813682,1.0,8.5
(librand@622ec32),8,6,6,48,,,,0.030416250228881836,0.09523653984069824,0.292313814163208,7.898104667663574,2.6433141231536865,3.2306289672851562,,18.38938808441162,42665336,42919304,46708928,49720512,427432,,35206,4812195,1.0,8.5
(librand@622ec32),16,6,6,96,,,,0.017247676849365234,0.0743873119354248,0.22955536842346191,11.431909322738647,2.531195878982544,4.869926452636719,,23.855724096298218,86101504,86404628,93849984,100468096,427151,,35206,4814517,1.0,8.5
(librand@622ec32),32,6,6,192,,,,0.05553889274597168,0.06602954864501953,0.20477986335754395,20.23736071586609,1.6910178661346436,2.60697340965271,,2.157780170440674,182567832,183360460,196991188,198341844,431208,,35206,4810928,1.0,8.5
(librand@622ec32),64,6,6,384,,,,0.017430782318115234,0.057807207107543945,0.20133638381958008,35.88950729370117,3.5322647094726562,5.7549519538879395,,2.2568390369415283,330897560,336081256,418827280,419189776,434683,,35206,4814001,1.0,8.5

