git,NUMBER_OF_NODES,TASKS_PER_NODE,NUM_VPS,THREADS_PER_TASK,SCALE,NUM_VPS,num_tasks,T_network_local,T_network_global_min,T_network_global_max,T_network_global_sum,T_create_min,T_create_max,T_create_sum,T_connect_max,T_connect_min,T_connect_sum,T_ini_min,T_ini_max,T_sim,VSize_sum,VSize_ini_sum,VSize_net_sum,N_spks_sum,N_nrns,N_conns_sum
GIT: (feature/cpp11-librandom@9443a8907),32,6,,6,1,,192,72.8123841286,73.7248888016,93.0260927677,16467.0538952,28.072709322,34.1433467865,6256.89080572,47.1955461502,35.0885622501,7907.55338573,29.5869545937,29.5870935917,193.736420631,2081822644,2081822644,1738990740,22011955,4130179,24134776576
GIT: (feature/cpp11-librandom@9443a8907),48,6,,6,1,,288,62.1615581512,75.8998584747,95.505055666,25296.3744512,27.9950184822,33.7844157219,9281.43897152,35.9528038502,27.2665314674,9215.28042221,21.3768167496,21.3769667149,169.516007185,2214560308,2214560308,1797567876,21918994,4130179,24134776576
GIT: (feature/cpp11-librandom@9443a8907),64,6,,6,1,,384,60.3041880131,79.2062628269,98.4180502892,35145.4800766,27.8174591064,33.5740168095,12313.7615252,31.4948823452,24.1936788559,10887.6244237,17.4586834908,17.4588451385,147.609027147,2577829300,2572268980,2123982708,21965447,4130179,24134776576
GIT: (feature/cpp11-librandom@9443a8907),80,6,,6,1,,480,58.2987420559,81.7464513779,102.353775501,45724.319176,27.6585068703,33.3761763573,15341.7768233,29.053917408,22.5576684475,12730.4433107,15.040238142,15.0404336452,200.295184374,2877580468,2873525428,2365129956,21955613,4130179,24134776576
GIT: (feature/cpp11-librandom@9443a8907),96,6,,6,1,,576,57.1585297585,84.2320756912,104.835970402,56826.8240747,27.6337561607,33.230864048,18291.60742,27.8676695824,21.9002780914,14799.4428334,13.8626244068,13.8628325462,151.096922159,3105331892,3100238516,2526906708,21956201,4130179,24134776576
GIT: (feature/cpp11-librandom@9443a8907),112,6,,6,1,,672,56.8930618763,86.9100949764,108.844038486,68192.1132088,27.4927289486,33.0603079796,21185.0992208,27.3028817177,21.6129865646,16986.8590691,13.1737937927,13.1740190983,191.325485229,3341045684,3334287284,2673013956,22024966,4130179,24134776576
GIT: (feature/cpp11-librandom@9443a8907),128,6,,6,1,,768,56.5688099861,89.4664933681,112.054675341,80719.2813344,27.3786849976,33.0465805531,24256.3262413,27.1331679821,21.5988154411,19439.1495583,11.7993574142,11.799544096,175.4836092,3584904116,3579491252,2786150196,22038388,4130179,24134776576

