git,NUMBER_OF_NODES,TASKS_PER_NODE,NUM_VPS,THREADS_PER_TASK,SCALE,NUM_VPS,num_tasks,T_network_local,T_network_global_min,T_network_global_max,T_network_global_sum,T_create_min,T_create_max,T_create_sum,T_connect_max,T_connect_min,T_connect_sum,T_ini_min,T_ini_max,T_sim,VSize_sum,VSize_ini_sum,VSize_net_sum,N_spks_sum,N_nrns,N_conns_sum
GIT: (feature/cpp11-librandom@9443a8907),1,6,36,6,0.0625,36,6,70.232483387,56.8712832928,64.7118756771,351.714792728,3.59276509285,3.99069905281,22.0255219936,80.2296772003,66.5983300209,414.672136307,51.1498830318,51.1499056816,620.83628726,100326648,100326648,99411072,25171262,258257,1508419407
GIT: (feature/cpp11-librandom@9443a8907),2,6,72,6,0.125,72,12,72.8766224384,58.8449990749,66.6379506588,720.184700012,5.93521285057,6.48930644989,72.1543302536,79.7837953568,66.1461343765,825.763047695,51.9398651123,51.9399588108,653.586833,206669220,206515620,199074996,48927694,516390,3016843251
GIT: (feature/cpp11-librandom@9443a8907),4,6,144,6,0.25,144,24,89.6437408924,62.5376033783,71.3639874458,1533.48197961,10.5723059177,11.4242956638,255.8078475,80.3039262295,66.4242010117,1666.16866755,52.9189248085,52.9190881252,729.767947435,423159796,422729716,398153236,100143119,1032642,6033690822
GIT: (feature/cpp11-librandom@9443a8907),8,6,288,6,0.5,288,48,88.5831508636,71.1533110142,79.3189811707,3485.84668565,19.0388493538,20.2539515495,926.193281174,81.8114879131,67.9337422848,3403.28339458,53.1999948025,53.2001094818,243.125916481,877172596,877172596,796314284,11196493,2065150,12067386057
GIT: (feature/cpp11-librandom@9443a8907),16,6,576,6,1.0,576,96,105.365650654,83.5453522205,96.9765510559,8479.27182865,31.5962593555,34.8625779152,3208.36784053,84.2125582695,67.3619172573,6974.75644493,55.3550260067,55.3551974297,276.955335617,1640961076,1640961076,1572928164,21967030,4130179,24134776576
GIT: (feature/cpp11-librandom@9443a8907),32,6,1152,6,2.0,1152,192,131.898530006,110.369432449,129.756820917,23316.3062766,52.6974225044,58.8205118179,10922.407064,88.8667252064,70.5147562027,14873.5754418,58.6960191727,58.6962592602,361.030543804,3580637108,3580637108,3186490516,43937103,8260233,48269557645

