git,NUMBER_OF_NODES,TASKS_PER_NODE,THREADS_PER_TASK,SCALE,PLASTIC,RULE,NUM_VPS,num_tasks,T_nrns,T_conns_min,T_conns_max,T_conns_sum,T_ini_min,T_ini_max,T_sim,T_sim_max,N_spks_sum,VSize_nodes_sum,VSize_mem_sum,VSize_ini_sum,VSize_sum,N_nrns,N_conns_sum,d_min,d_max
GIT: (lbrn@a4c9117c7),1,6,6,4,false,in,36,6,0.4091310501098633,41.034040689468384,44.249650955200195,250.63006734848022,47.18851280212402,50.40422320365906,81.67483949661255,81.67484021186829,0,10854392,82892792,87699680,87699680,400001,1600400000,1.0,1.5
GIT: (lbrn@a4c9117c7),2,6,6,8,false,in,72,12,0.09293079376220703,61.000054121017456,65.1037106513977,740.2091500759125,64.69916439056396,68.80301642417908,82.31224751472473,82.3122501373291,0,21830564,227912612,228703604,228703604,800001,4000801000,1.0,1.5
GIT: (lbrn@a4c9117c7),4,6,6,16,false,in,144,24,0.22359609603881836,79.51699161529541,84.21359038352966,1928.2784407138824,64.5593192577362,69.25682139396667,81.90377855300903,81.90381622314453,0,43657972,455822068,469986952,469986952,1600001,8001590250,1.0,1.5
GIT: (lbrn@a4c9117c7),8,6,6,32,false,in,288,48,0.22225522994995117,116.30433964729309,121.93708086013794,5639.234422445297,69.9000928401947,75.53462743759155,168.72774124145508,168.72775721549988,0,87319404,911647596,1017645108,1017645108,3200001,16003203250,1.0,1.5
GIT: (lbrn@a4c9117c7),16,6,6,64,false,in,576,96,0.29720020294189453,193.1424241065979,200.99402379989624,18715.627927541733,72.52143812179565,80.36679649353027,180.76805973052979,180.76816153526306,0,174877092,1823533476,2039573300,2039573300,6400001,32006360450,1.0,1.5
GIT: (lbrn@a4c9117c7),32,6,6,128,false,in,1152,192,0.6132450103759766,344.47978925704956,358.2814576625824,66591.20596051216,88.92726802825928,102.7306866645813,195.47562074661255,195.47568273544312,0,350651028,3648012948,4154936756,4154936756,12800001,64012814900,1.0,1.5

