git,NUMBER_OF_NODES,TASKS_PER_NODE,THREADS_PER_TASK,SCALE,PLASTIC,RULE,NUM_VPS,num_tasks,T_nrns,T_conns_min,T_conns_max,T_conns_sum,T_ini_min,T_ini_max,T_sim,T_sim_max,N_spks_sum,VSize_nodes_sum,VSize_mem_sum,VSize_ini_sum,VSize_sum,N_nrns,N_conns_sum,d_min,d_max
GIT: (feature/cpp11-librandom@9443a8907),1,6,6,4,false,in,36,6,0.0570130348206,48.4707546234,61.9062612057,307.548068762,48.7793300152,62.2149705887,80.3866622448,80.3866636753,0,10855368,82893768,87700660,87700660,400001,1600400000,1.0,1.5
GIT: (feature/cpp11-librandom@9443a8907),2,6,6,8,false,in,72,12,0.069319486618,70.5002617836,86.7738676071,879.364458323,62.4906289577,78.764518261,80.5745229721,80.574539423,0,21830468,227912516,228703508,228703508,800001,4000803500,1.0,1.5
GIT: (feature/cpp11-librandom@9443a8907),4,6,6,16,false,in,144,24,0.179383516312,88.9496765137,105.063837767,2200.25493217,63.5685939789,79.6839776039,80.7739346027,80.7739646435,0,43663924,455828020,469992920,469992920,1600001,8001604550,1.0,1.5
GIT: (feature/cpp11-librandom@9443a8907),8,6,6,32,false,in,288,48,0.471065998077,124.134125233,137.120878935,6100.36590981,69.4866073132,82.473749876,174.201579809,174.201591015,0,87331308,911659500,1018220212,1018220212,3200001,16003195700,1.0,1.5
GIT: (feature/cpp11-librandom@9443a8907),16,6,6,64,false,in,576,96,0.464233398438,200.855461597,218.438071251,19539.7429633,72.2659130096,89.868383646,232.462917566,232.462964773,0,174900900,1823557284,2037237812,2037237812,6400001,32006367750,1.0,1.5
GIT: (feature/cpp11-librandom@9443a8907),32,6,6,128,false,in,1152,192,1.26139545441,349.540492773,370.718784571,67899.1987929,136.419465065,157.599335909,199.295813322,199.296045542,0,350698644,3648060564,4149086132,4149086132,12800001,64012888400,1.0,1.5

