git,NUMBER_OF_NODES,TASKS_PER_NODE,THREADS_PER_TASK,num_tasks,NUM_VPS,SCALE,PLASTIC,T_nrns,T_conns_min,T_conns_max,T_conns_sum,T_ini_min,T_ini_max,T_equ,T_sim,VSize_nodes_sum,VSize_mem_sum,VSize_ini_sum,VSize_sum,N_spks_sum,Rate_sum,N_nrns,N_conns_sum,d_min,d_max
(master@84ea0f7),1,6,6,6,,,,0.0352628231048584,0.35616159439086914,0.8195123672485352,2.8191707134246826,0.6110661029815674,1.0950899124145508,,4.056400299072266,5718744,5996760,6273056,6354976,432129,,35206,4812059,1.0,8.5
(master@84ea0f7),2,6,6,12,,,,0.02365899085998535,0.16359186172485352,0.5035707950592041,3.4705629348754883,1.309150218963623,1.9733996391296387,,6.560357332229614,11505244,11809376,12395632,12819568,432356,,35206,4815242,1.0,8.5
(master@84ea0f7),4,6,6,24,,,,0.03265237808227539,0.10897231101989746,0.3281075954437256,4.685919284820557,1.0819873809814453,1.8155651092529297,,4.936267375946045,22957404,23268724,24375520,24492256,427841,,35206,4814355,1.0,8.5
(master@84ea0f7),8,6,6,48,,,,0.03420591354370117,0.09365344047546387,0.25830841064453125,6.202796459197998,1.4635536670684814,2.354617118835449,,11.467521667480469,46082840,46410544,48815552,50259392,433739,,35206,4814739,1.0,8.5
(master@84ea0f7),16,6,6,96,,,,0.02571725845336914,0.06879377365112305,0.2155442237854004,10.495954513549805,1.8035311698913574,2.36438250541687,,23.10458755493164,91774932,92180464,96586624,100988800,427323,,35206,4814297,1.0,8.5
(master@84ea0f7),32,6,6,192,,,,0.06539011001586914,0.06369185447692871,0.19739007949829102,19.05230140686035,1.3395366668701172,2.2889065742492676,,2.019113540649414,173533112,174381040,193316008,194982056,428568,,35206,4815889,1.0,8.5
(master@84ea0f7),64,6,6,384,,,,0.05971884727478027,0.05732083320617676,0.1959540843963623,36.42680788040161,3.2505717277526855,6.165411710739136,,2.1029677391052246,330670560,336939756,410743808,411111424,437311,,35206,4813420,1.0,8.5

