git,NUMBER_OF_NODES,TASKS_PER_NODE,THREADS_PER_TASK,num_tasks,NUM_VPS,SCALE,PLASTIC,T_nrns,T_conns_min,T_conns_max,T_conns_sum,T_ini_min,T_ini_max,T_equ,T_sim,VSize_nodes_sum,VSize_mem_sum,VSize_ini_sum,VSize_sum,N_spks_sum,Rate_sum,N_nrns,N_conns_sum,d_min,d_max
(NEST,1,6,6,6,,,,0.0895099639893,3.76648378372,3.80437684059,22.7719976902,0.481785535812,0.583340406418,,4.08664774895,4819968,5303892,5710504,5911208,624992,,35210,4466204,1.0,8.5
(NEST,2,6,6,12,,,,0.145042657852,2.50148153305,2.54012012482,30.2821309566,1.46828103065,1.60895752907,,7.49019885063,10436432,10451960,11828272,11964464,626249,,35210,4469103,1.0,8.5
,4,6,6,24,,,,,,,,,,,,,,,,,,,,,
(NEST,8,6,6,48,,,,0.166329622269,1.81512188911,1.92153096199,90.372023344,2.16515421867,2.34114050865,,18.0721473694,41579180,41633928,44672000,46272512,625124,,35210,4467464,1.0,8.5
(NEST,16,6,6,96,,,,0.242833137512,1.47258472443,1.65697550774,151.417360544,2.09412074089,2.25432133675,,23.5991139412,83045552,83222688,91271680,93577728,619308,,35210,4468752,1.0,8.5
(NEST,32,6,6,192,,,,0.310459375381,1.52246665955,1.63696932793,305.6790452,1.24894142151,1.36486721039,,1.96025371552,166163500,166390908,184633692,184780636,621268,,35210,4470246,1.0,8.5
(NEST,64,6,6,384,,,,0.29237651825,1.61711907387,1.72658205032,644.906595945,3.13270545006,3.22108078003,,2.0753235817,341213952,341845504,393292288,393292288,622453,,35210,4465163,1.0,8.5

