git,NUMBER_OF_NODES,TASKS_PER_NODE,THREADS_PER_TASK,num_tasks,NUM_VPS,SCALE,PLASTIC,T_nrns,T_conns_min,T_conns_max,T_conns_sum,T_ini_min,T_ini_max,T_equ,T_sim,VSize_nodes_sum,VSize_mem_sum,VSize_ini_sum,VSize_sum,N_spks_sum,Rate_sum,N_nrns,N_conns_sum,d_min,d_max
(NEST,1,6,6,6,,,,0.1813979148864746,3.601288080215454,3.73498272895813,22.16621971130371,0.31022000312805176,0.40506696701049805,,2.5965850353240967,4740096,5224020,5813416,5861544,624992,,35210,4466204,1.0,8.5
(NEST,2,6,6,12,,,,0.13128876686096191,1.8390703201293945,1.9754974842071533,22.884557485580444,0.6751620769500732,0.8164098262786865,,3.8771533966064453,10260360,11270164,11619712,11773312,626249,,35210,4469103,1.0,8.5
(NEST,4,6,6,24,,,,0.2664453983306885,2.11940598487854,2.22782564163208,51.867191553115845,1.7838478088378906,1.9290492534637451,,9.59202241897583,20510536,22524000,23125248,23237888,618087,,35210,4469276,1.0,8.5
(NEST,8,6,6,48,,,,0.2297825813293457,1.7506103515625,1.9190454483032227,89.51009321212769,2.3323516845703125,2.5000884532928467,,19.826279163360596,40868132,40927088,45306880,45774848,625124,,35210,4467464,1.0,8.5
(NEST,16,6,6,96,,,,0.21514344215393066,1.6186444759368896,1.729048728942871,161.16223192214966,2.1350200176239014,2.25529408454895,,23.883928775787354,81629220,81743976,90565120,92333568,619308,,35210,4468752,1.0,8.5
,32,6,6,192,,,,,,,,,,,,,,,,,,,,,
(NEST,64,6,6,384,,,,0.29976773262023926,1.6062090396881104,1.6881811618804932,637.6841850280762,3.154144287109375,3.240535259246826,,1.9807569980621338,335727360,336358912,387500048,387500048,622453,,35210,4465163,1.0,8.5

