git,NUMBER_OF_NODES,TASKS_PER_NODE,THREADS_PER_TASK,num_tasks,NUM_VPS,SCALE,PLASTIC,T_nrns,T_conns_min,T_conns_max,T_conns_sum,T_ini_min,T_ini_max,T_equ,T_sim,VSize_nodes_sum,VSize_mem_sum,VSize_ini_sum,VSize_sum,N_spks_sum,Rate_sum,N_nrns,N_conns_sum,d_min,d_max
(master@f1c0bcf),1,6,6,6,,,,0.0579171180725,0.359311103821,0.816411018372,2.8184504509,0.576593160629,1.06782126427,,3.9096968174,5405376,5683392,6116360,6325256,432129,,35206,4812059,1.0,8.5
(master@f1c0bcf),2,6,6,12,,,,0.032244682312,0.229505777359,0.507534980774,3.83005928993,1.33987355232,1.69452762604,,5.65728831291,10829184,11133316,12489792,12552256,432356,,35206,4815242,1.0,8.5
(master@f1c0bcf),4,6,6,24,,,,0.0221407413483,0.110095024109,0.336575746536,4.44765520096,1.47137832642,2.0516769886,,8.03549146652,21657664,21876816,24188032,24334464,427841,,35206,4814355,1.0,8.5
(master@f1c0bcf),8,6,6,48,,,,0.0379629135132,0.0946996212006,0.280432462692,7.02292728424,1.98640060425,2.59414863586,,15.4474308491,43360272,43692072,47579392,50839808,433739,,35206,4814739,1.0,8.5
(master@f1c0bcf),16,6,6,96,,,,0.0374989509583,0.0697021484375,0.243205070496,11.5345566273,1.99101305008,2.62494683266,,23.8314356804,87880236,88386128,95306240,102402560,427323,,35206,4814297,1.0,8.5
(master@f1c0bcf),32,6,6,192,,,,0.0554792881012,0.0630931854248,0.248329401016,19.605922699,1.3279504776,2.10912799835,,2.01562047005,176143508,176932044,194937336,195121656,428568,,35206,4815889,1.0,8.5
(master@f1c0bcf),64,6,6,384,,,,0.0226583480835,0.0574467182159,0.24584031105,35.9711818695,3.22484755516,7.58885598183,,2.07416605949,344774360,346859304,410122752,410297856,437311,,35206,4813420,1.0,8.5

