git,NUMBER_OF_NODES,TASKS_PER_NODE,THREADS_PER_TASK,num_tasks,NUM_VPS,SCALE,PLASTIC,T_nrns,T_conns_min,T_conns_max,T_conns_sum,T_ini_min,T_ini_max,T_equ,T_sim,VSize_nodes_sum,VSize_mem_sum,VSize_ini_sum,VSize_sum,N_spks_sum,Rate_sum,N_nrns,N_conns_sum,d_min,d_max
(master@84ea0f7),1,6,6,6,36,20,true,0.31,24.8,33.8,168.53000000000003,53.05,62.21,9.13,136.29,2846220,107349516,107356880,107356880,1608648,7.047000000000001,225000,2531476000,1.5,1.5
(master@84ea0f7),2,6,6,12,72,40,true,0.36,22.62,62.67,373.94,56.93,97.1,13.84,211.76,6488052,214695924,214713808,214713808,3135174,6.959999999999999,450000,5062951000,1.5,1.5
(master@84ea0f7),4,6,6,24,144,80,true,0.38,23.18,62.99,780.86,59.78,99.7,17.06,164.46,12940068,429368100,438963104,438963104,6275303,6.8660000000000005,900000,10125901000,1.5,1.5
(master@84ea0f7),8,6,6,48,288,160,true,0.42,23.3,66.77,1534.1,58.5,102.03,25.29,292.01,25955140,858786628,886196032,886196032,12512534,6.850999999999999,1800000,20251801000,1.5,1.5
(master@84ea0f7),16,6,6,96,576,320,true,0.45,23.45,58.33,3006.5799999999995,64.06,98.97,27.97,326.46,51568868,1717250276,1796060696,1796061056,24903286,6.796999999999998,3600000,40503601000,1.5,1.5
(master@84ea0f7),32,6,6,192,1152,640,true,0.46,23.82,64.59,6268.970000000001,73.39,114.22,37.15,384.76,103045296,3434494128,4097107188,4098419564,49699733,6.711999999999995,7200000,81007201000,1.5,1.5

