git,NUMBER_OF_NODES,TASKS_PER_NODE,NUM_VPS,THREADS_PER_TASK,SCALE,NUM_VPS,num_tasks,T_network_local,T_network_global_min,T_network_global_max,T_network_global_sum,T_create_min,T_create_max,T_create_sum,T_connect_max,T_connect_min,T_connect_sum,T_ini_min,T_ini_max,T_sim,VSize_sum,VSize_ini_sum,VSize_net_sum,N_spks_sum,N_nrns,N_conns_sum
,1,6,36,6,0.0625,36,6,397.386422873,28.8368275166,64.5230185986,244.945691586,325.543529272,368.037865162,2127.02879047,72.5581851006,29.1913776398,258.055218458,25.8007414341,25.8018627167,431.568564415,94030292,94030292,93777860,18689797,258258,1508419407
,2,6,72,6,0.125,72,12,364.227914333,44.262789011,91.3455264568,650.658809662,310.727941751,340.411964893,3955.89957881,52.9960873127,23.7357141972,410.718989134,19.7074465752,19.7090096474,521.614744425,191341876,191341876,187750472,56077757,516391,3016843251
,4,6,144,6,0.25,144,24,404.371176481,78.215618372,160.024255037,2400.8261466,330.675648928,379.573357821,8793.34018779,69.0020186901,24.7901916504,869.499926805,27.5877690315,27.5903019905,709.61525631,390215608,390215608,375690152,80717937,1032643,6033690822
,8,6,288,6,0.5,288,48,409.67240262,144.052340031,298.567153454,8209.01981854,336.503776312,392.169857025,17956.1370933,74.319206953,27.3536496162,2047.7037282,30.2719361782,30.2780811787,1729.6044178,833774296,833774296,751313876,162514368,2065151,12067386057
,16,6,576,6,1.0,576,96,449.083627462,279.03611207,666.746513844,31202.7994041,338.310178041,469.505926132,40713.5268047,97.6609814167,33.4577109814,4267.88054037,38.2988257408,38.3070690632,1911.42364526,1607623700,1607623700,1554428236,21982698,4130180,24134776576
,32,6,1152,6,2.0,1152,192,478.034482241,570.264975786,1385.4608016,126968.340871,357.899379253,585.734878302,94210.36608,125.115010023,42.3869168758,10353.7735143,54.534787178,54.5432062149,3994.60731363,3859469752,3859469752,3383125376,43875372,8260234,48269557645

