git,NUMBER_OF_NODES,TASKS_PER_NODE,NUM_VPS,THREADS_PER_TASK,SCALE,NUM_VPS,num_tasks,T_network_local,T_network_global_min,T_network_global_max,T_network_global_sum,T_create_min,T_create_max,T_create_sum,T_connect_max,T_connect_min,T_connect_sum,T_ini_min,T_ini_max,T_sim,VSize_sum,VSize_ini_sum,VSize_net_sum,N_spks_sum,N_nrns,N_conns_sum
(master@84ea0f7),1,6,36,6,0.0625,36,6,69.20275688171387,17.566269159317017,29.12629199028015,122.48636722564697,1.7179133892059326,4.848453521728516,16.449124813079834,68.73582220077515,24.85513710975647,235.99097394943237,32.845784425735474,32.85279679298401,476.1625323295593,93972792,93972792,93681064,27292945,258257,1508419407
(master@84ea0f7),2,6,72,6,0.125,72,12,31.876325607299805,18.033225774765015,37.874091148376465,254.6009373664856,2.764775514602661,7.585526943206787,44.88211488723755,67.88117957115173,23.6247878074646,412.12770223617554,2.0,29.932995557785034,458.4959316253662,190434060,190434060,187572308,49983166,516390,3016843251
(master@84ea0f7),4,6,144,6,0.25,144,24,34.36905241012573,2.0,141.68376088142395,637.3878080844879,4.89172887802124,13.971028327941895,176.46436834335327,71.78313636779785,23.71487045288086,939.3556525707245,1.15055775642395,35.530014991760254,521.7820689678192,394794944,394794944,375217908,87696554,1032642,6033690822
(master@84ea0f7),8,6,288,6,0.5,288,48,33.76031851768494,2.0,2842.55,4494.605457229614,9.119155406951904,23.465726137161255,539.7595775127411,73.78960466384888,24.050739526748657,1716.2620766162872,4.0,424.0225088596344,616.7166106700897,822601968,822601968,750299024,11118152,2065150,12067386057
(master@84ea0f7),16,6,576,6,1.0,576,96,44.044556856155396,2.0,2827.701686859131,5412.934790611267,17.373182773590088,34.6578574180603,1931.6130323410034,77.1793622970581,24.125120162963867,3308.2354004383087,7.97676706314087,58.33242440223694,3073.4025745391846,1551180708,1551180708,1500723276,21949786,4130179,24134776576
(master@84ea0f7),32,6,1152,6,2.0,1152,192,67.04170441,3.0,5957642.0,6569216.774631023,34.192768812179565,57.67717099189758,7321.837475776672,80.30796957015991,25.416013479232788,7578.475418329239,6.0,68.76202082633972,4467.5860776901245,3495932332,3495932332,3001416472,43843003,8260233,48269557645

