git,NUMBER_OF_NODES,TASKS_PER_NODE,NUM_VPS,THREADS_PER_TASK,SCALE,NUM_VPS,num_tasks,T_network_local,T_network_global_min,T_network_global_max,T_network_global_sum,T_create_min,T_create_max,T_create_sum,T_connect_max,T_connect_min,T_connect_sum,T_ini_min,T_ini_max,T_sim,VSize_sum,VSize_ini_sum,VSize_net_sum,N_spks_sum,N_nrns,N_conns_sum
,1,6,36,6,0.0625,36,6,32.2729301453,17.7294528484,28.2653136253,121.437158108,1.71308994293,3.12518692017,12.8023989201,47.9736154079,26.7837505341,201.885904312,27.2826123238,27.2898623943,483.899982452,94056736,94056736,90983608,27292945,258257,1508419407
,2,6,72,6,0.125,72,12,27.0924518108,17.9419927597,37.9355092049,270.888518333,2.75912737846,7.63966584206,49.6314482689,70.003344059,23.7739112377,450.922716141,30.9368655682,30.9421627522,455.186622858,190144992,190144992,182193996,49983166,516390,3016843251
,4,6,144,6,0.25,144,24,56.7742593288,5.0,54.8423573971,523.471082926,4.86660933495,14.3421909809,171.457215548,72.1479418278,23.9742412567,925.954432011,40.5202479362,40.5320715904,1057.06078839,393645816,393645816,364359264,87696554,1032642,6033690822
,8,6,288,6,0.5,288,48,39.0960435867,2.0,50.7464807034,1201.06305146,9.08881545067,22.1593668461,544.043098927,75.0315957069,24.2779068947,1762.32959533,4.0,43.5669546127,704.385813713,823822136,823822136,728653356,11118152,2065150,12067386057
,16,6,576,6,1.0,576,96,44.2483913898,0.0186126232147,70.3572721481,2490.95386171,17.2834641933,35.3043086529,1962.12304425,76.4817728996,24.3230574131,3436.12386012,55.598613739,55.6167993546,2752.07996631,1552379300,1552379300,1501846036,21949786,4130179,24134776576
,32,6,1152,6,2.0,1152,192,66.5055425167,0.732233047485,460692139.0,469682069.043,34.3177142143,58.4766936302,7298.14179516,83.251044035,25.812076807,7431.22214794,6.0,6438545227.0,4638.16946888,3500230236,3500230236,3004372848,43843003,8260233,48269557645

