git,NUMBER_OF_NODES,TASKS_PER_NODE,THREADS_PER_TASK,SCALE,PLASTIC,RULE,NUM_VPS,num_tasks,T_nrns,T_conns_min,T_conns_max,T_conns_sum,T_ini_min,T_ini_max,VSize_nodes_sum,VSize_mem_sum,VSize_ini_sum,VSize_sum,N_nrns,N_conns_sum,d_min,d_max
,1,6,6,5,false,in,36,6,0.0840549468994,34.5860052109,61.3399989605,257.603146076,28.8712909222,55.6268680096,5495808,129820320,129826776,,500000,2500000000,1.5,1.5
,2,6,6,10,false,in,72,12,0.27006316185,46.9166545868,138.473570347,881.75606966,42.9127073288,134.626794338,11974536,259645752,261893632,,1000000,4999992400,1.5,1.5
,4,6,6,20,false,in,144,24,0.243457794189,71.2525122166,211.139193296,2432.3242538,47.2670526505,187.45269084,23983888,519289432,545412000,,2000000,10000025000,1.5,1.5
,8,6,6,40,false,in,288,48,0.501539468765,121.550553799,358.659841776,7220.20200038,47.8318710327,285.480268478,47900248,1038712272,1058437952,,4000000,20000000350,1.5,1.5
,16,6,6,80,false,in,576,96,1.48533558846,219.21039772,670.994352579,27055.5044262,52.124004364,504.942436695,95791084,2077048084,2150420600,,8000000,40000073550,1.5,1.5
,32,6,6,160,false,in,1152,192,2.84057760239,424.698878288,1296.96240354,100143.284081,78.156629324,952.197916269,191977152,4158334944,4518315520,,16000000,79999981750,1.5,1.5

