NUMBER_OF_NODES,TASKS_PER_NODE,THREADS_PER_TASK,NUM_VPS,SCALE,PLASTIC,T_nrns,T_conns_min,T_conns_max,T_ini_min,T_ini_max,T_equ,T_sim,VSize_sum,N_spks_sum,Rate_sum,N_nrns,N_conns_sum,d_min,d_max
1,36,1,36,20,true,0.1,48.96,50.94,0.74,2.72,7.98,134.45,118208448,1595862,7.072999999999999,225000,2531476000,1.5,1.5
1,12,3,36,20,true,0.18,65.72,70.93,1.14,6.36,12.16,179.35,107163936,1595862,7.072999999999999,225000,2531476000,1.5,1.5
1,6,6,36,20,true,0.33,71.94,77.5,1.32,6.85,13.06,188.89,105563280,1595862,7.0729999999999995,225000,2531476000,1.5,1.5
1,4,9,36,20,true,0.48,73.45,76.22,1.18,3.97,12.47,182.93,105235920,1595862,7.0729999999999995,225000,2531476000,1.5,1.5
1,2,18,36,20,true,0.81,75.75,78.03,1.27,3.56,13.2,190.31,104900056,1595862,7.073,225000,2531476000,1.5,1.5
1,1,36,36,20,true,1.61,89.67,89.67,1.88,1.88,18.81,263.93,105189532,1595862,7.073,225000,2531476000,1.5,1.5

