NUMBER_OF_NODES,TASKS_PER_NODE,THREADS_PER_TASK,SCALE,PLASTIC,RULE,NUM_VPS,num_tasks,T_nrns,T_conns_min,T_conns_max,T_conns_sum,T_ini_min,T_ini_max,T_equ,T_sim,VSize_nodes_sum,VSize_mem_sum,VSize_ini_sum,VSize_sum,N_spks_sum,Rate_sum,N_nrns,N_conns_sum,d_min,d_max
1,6,6,5,true,in,36,6,0.11,14.28,16.57,88.44999999999999,11.16,13.46,2.32,0.23,2128752,27534192,28034024,28494824,2913,5.300000000000001,56250,632869750,1.5,1.5
2,6,6,10,true,in,72,12,0.11,14.21,18.2,178.16,11.35,15.31,2.31,0.26,4377232,55188112,56918912,58080128,7217,4.999999999999998,112500,1265738500,1.5,1.5
4,6,6,20,true,in,144,24,0.23,14.16,18.09,357.7199999999999,11.9,15.83,2.37,0.26,9003208,110379208,118788776,118788776,13186,5.0,225000,2531476000,1.5,1.5
8,6,6,40,true,in,288,48,0.22,14.11,18.59,716.6999999999999,12.47,16.95,4.44,0.56,17682192,220761872,252675032,252675032,33775,7.200000000000001,450000,5062951000,1.5,1.5
16,6,6,80,true,in,576,96,0.33,13.82,18.55,1433.3600000000004,13.59,18.32,2.94,0.37,36233448,441737448,584350328,584350328,62366,6.799999999999998,900000,10125901000,1.5,1.5
32,6,6,160,true,in,1152,192,0.3,13.75,18.52,2853.010000000003,14.48,19.26,3.46,0.46,73314584,884322584,1142711352,1142711352,131788,6.099999999999995,1800000,20251801000,1.5,1.5

