NUMBER_OF_NODES,TASKS_PER_NODE,THREADS_PER_TASK,NUM_VPS,SCALE,PLASTIC,T_nrns,T_conns_min,T_conns_max,T_ini_min,T_ini_max,T_equ,T_sim,VSize_sum,N_spks_sum,Rate_sum,N_nrns,N_conns_sum,d_min,d_max
1,36,1,36,20,true,4.19,20.58,22.0,25.37,26.79,19.75,194.11,165414816,1595960,7.076,225000,2531476000,1.5,1.5
1,12,3,36,20,true,0.19,35.65,41.5,32.34,38.18,15.2,211.87,147856272,1595960,7.076,225000,2531476000,1.5,1.5
1,6,6,36,20,true,0.36,46.75,47.7,43.4,44.33,16.16,222.63,144553536,1595960,7.075999999999999,225000,2531476000,1.5,1.5
1,4,9,36,20,true,0.43,50.2,51.44,46.54,47.79,16.18,223.27,143793872,1595960,7.0760000000000005,225000,2531476000,1.5,1.5
1,2,18,36,20,true,0.78,63.14,64.78,64.4,66.06,16.72,228.95,143054408,1595960,7.0760000000000005,225000,2531476000,1.5,1.5
1,1,36,36,20,true,1.63,84.79,84.79,134.14,134.14,23.19,309.48,142808784,1595960,7.076,225000,2531476000,1.5,1.5

