NUMBER_OF_NODES,TASKS_PER_NODE,THREADS_PER_TASK,num_tasks,NUM_VPS,SCALE,PLASTIC,T_nrns,T_conns_min,T_conns_max,T_conns_sum,T_ini_min,T_ini_max,T_equ,T_sim,VSize_nodes_sum,VSize_mem_sum,VSize_ini_sum,VSize_sum,N_spks_sum,Rate_sum,N_nrns,N_conns_sum,d_min,d_max
1,6,6,6,36,20,false,0.4,50.38,61.95,316.3,44.34,55.91,6.63,76.37,1929912,74813112,77940528,78186288,1732942,7.7,225000,2531476000,1.5,1.5
2,6,6,12,72,40,false,0.33,50.39,61.04,630.7299999999999,47.27,58.03,7.07,79.15,4028704,149795104,160412176,160608784,3438137,7.616,450000,5062951000,1.5,1.5
4,6,6,24,144,80,false,0.38,50.61,63.92,1280.0100000000002,46.64,60.0,9.65,85.25,8060392,299593192,320477128,320477128,6835388,7.498999999999999,900000,10125901000,1.5,1.5
8,6,6,48,288,160,false,0.36,48.95,61.76,2510.1800000000007,49.19,61.92,8.69,93.44,16124240,605481296,711407128,711407128,13616273,7.54,1800000,20251801000,1.5,1.5
16,6,6,96,576,320,false,0.47,49.9,62.32,5028.820000000001,59.29,71.71,10.09,112.14,32462184,1236342120,1489776376,1489776376,27330795,7.587999999999999,3600000,40503601000,1.5,1.5
32,6,6,192,1152,640,false,0.58,49.24,62.48,10035.419999999993,81.91,95.16,13.62,153.65,65968664,2473531928,3020049720,3020049720,54564917,7.434999999999992,7200000,81007201000,1.5,1.5

