NUMBER_OF_NODES,TASKS_PER_NODE,THREADS_PER_TASK,NUM_VPS,SCALE,PLASTIC,T_nrns,T_conns_min,T_conns_max,T_ini_min,T_ini_max,T_equ,T_sim,VSize_sum,N_spks_sum,Rate_sum,N_nrns,N_conns_sum,d_min,d_max
1,36,1,36,20,true,0.1,23.57,24.06,16.13,16.62,8.7,140.73,126636048,1608648,7.047000000000001,225000,2531476000,1.5,1.5
1,12,3,36,20,true,0.17,41.37,50.0,32.78,41.42,12.61,186.42,109543008,1608648,7.047,225000,2531476000,1.5,1.5
1,6,6,36,20,true,0.32,56.34,61.08,45.43,50.15,13.37,196.63,106313520,1608648,7.047000000000001,225000,2531476000,1.5,1.5
1,4,9,36,20,true,0.45,57.79,61.41,65.02,68.75,13.62,200.35,105583692,1608648,7.047,225000,2531476000,1.5,1.5
1,2,18,36,20,true,0.92,75.57,78.09,96.89,99.4,13.93,202.99,106071152,1608648,7.047000000000001,225000,2531476000,1.5,1.5
1,1,36,36,20,true,1.79,99.28,99.28,104.15,104.15,20.65,291.05,105719052,1608648,7.047,225000,2531476000,1.5,1.5

