NUMBER_OF_NODES,TASKS_PER_NODE,THREADS_PER_TASK,num_tasks,NUM_VPS,SCALE,PLASTIC,T_nrns,T_conns_min,T_conns_max,T_conns_sum,T_ini_min,T_ini_max,T_equ,T_sim,VSize_nodes_sum,VSize_mem_sum,VSize_ini_sum,VSize_sum,N_spks_sum,Rate_sum,N_nrns,N_conns_sum,d_min,d_max
1,6,6,6,36,20,false,0.41,52.94,59.59,337.59000000000003,48.75,55.41,11.95,133.82,1929912,74813112,89737008,89737008,1751845,7.771,225000,2531476000,0.1,50.0
2,6,6,12,72,40,false,0.38,53.27,60.78,668.4000000000001,48.9,56.41,11.77,134.97,4028704,149795104,179550736,179550736,3429891,7.707999999999999,450000,5062951000,0.1,50.0
4,6,6,24,144,80,false,0.33,54.14,64.82,1352.54,52.98,63.66,12.97,147.59,8060392,299593192,360517576,360517576,6971289,7.863000000000001,900000,10125901000,0.1,50.0
8,6,6,48,288,160,false,0.44,52.39,63.68,2649.730000000001,53.71,65.0,15.04,166.51,16124240,605481296,743736856,743736856,13915620,7.747999999999998,1800000,20251801000,0.1,50.0
16,6,6,96,576,320,false,0.38,52.51,65.53,5316.28,62.07,75.09,19.42,207.79,32462184,1236342120,1488793336,1488793336,27837941,7.7780000000000005,3600000,40503601000,0.1,50.0
32,6,6,192,1152,640,false,0.64,52.16,64.91,10597.290000000006,91.93,104.68,28.37,304.31,65968664,2473531928,3020705080,3020705080,55858624,7.774999999999997,7200000,81007201000,0.1,50.0

