NUMBER_OF_NODES,TASKS_PER_NODE,THREADS_PER_TASK,NUM_VPS,SCALE,PLASTIC,T_nrns,T_conns_min,T_conns_max,T_ini_min,T_ini_max,T_equ,T_sim,VSize_sum,N_spks_sum,Rate_sum,N_nrns,N_conns_sum,d_min,d_max
1,36,1,36,15,true,0.08,17.62,17.87,11.87,12.13,5.69,92.16,116903952,1230117,7.286000000000001,168750,1898607250,1.5,1.5
1,12,3,36,15,true,0.15,30.85,36.79,24.27,30.21,8.05,126.82,85673568,1230117,7.2860000000000005,168750,1898607250,1.5,1.5
1,6,6,36,15,true,0.37,42.25,46.01,32.64,36.37,8.61,134.71,80090928,1230117,7.286,168750,1898607250,1.5,1.5
1,4,9,36,15,true,0.39,43.85,44.91,48.41,49.56,8.59,136.02,79291000,1230117,7.286,168750,1898607250,1.5,1.5
1,2,18,36,15,true,0.75,56.37,58.38,68.98,70.98,8.89,137.85,75802888,1230117,7.286,168750,1898607250,1.5,1.5
1,1,36,36,15,true,1.43,74.22,74.22,77.44,77.44,13.64,204.53,75085068,1230117,7.286,168750,1898607250,1.5,1.5

