NUMBER_OF_NODES,TASKS_PER_NODE,THREADS_PER_TASK,SCALE,PLASTIC,RULE,NUM_VPS,num_tasks,T_nrns,T_conns_min,T_conns_max,T_conns_sum,T_ini_min,T_ini_max,T_equ,T_sim,VSize_nodes_sum,VSize_mem_sum,VSize_ini_sum,VSize_sum,N_spks_sum,Rate_sum,N_nrns,N_conns_sum,d_min,d_max
1,6,6,5,true,tot,36,6,0.12,16.82,19.16,103.64,11.18,13.52,2.42,0.19,2128752,27534192,28056552,28210152,2790,5.2,56250,632869750,1.5,1.5
2,6,6,10,true,tot,72,12,0.13,16.4,20.99,207.11,11.41,16.0,2.22,0.26,4377232,55188112,56757120,57541504,7319,5.2,112500,1265738500,1.5,1.5
4,6,6,20,true,tot,144,24,0.11,16.31,21.02,415.38999999999993,11.79,16.45,2.49,0.26,9003208,110379208,118074024,119087784,14481,6.6,225000,2531476000,1.5,1.5
8,6,6,40,true,tot,288,48,0.26,16.27,20.84,823.58,12.54,17.11,2.61,0.32,17682192,220761872,252685272,252685272,32076,5.6,450000,5062951000,1.5,1.5
16,6,6,80,true,tot,576,96,0.22,9.11,11.69,919.5500000000002,8.56,11.13,0.67,0.07,36233448,240410856,364001912,364001912,4173,0.5,900000,5830933704,1.5,1.5
32,6,6,160,true,tot,1152,192,0.28,5.48,6.87,1104.1900000000005,6.69,8.14,0.85,0.08,73314584,301576472,568263736,568263736,6152,0.0,1800000,7366899112,1.5,1.5

