NUMBER_OF_NODES,TASKS_PER_NODE,THREADS_PER_TASK,num_tasks,NUM_VPS,SCALE,PLASTIC,T_nrns,T_conns_min,T_conns_max,T_conns_sum,T_ini_min,T_ini_max,T_equ,T_sim,VSize_nodes_sum,VSize_mem_sum,VSize_ini_sum,VSize_sum,N_spks_sum,Rate_sum,N_nrns,N_conns_sum,d_min,d_max
1,6,6,6,36,20,true,0.44,55.93,63.04,345.97,47.75,54.88,13.52,198.32,1929912,105483960,106344240,106528560,1608648,7.047000000000001,225000,2531476000,1.5,1.5
2,6,6,12,72,40,true,0.45,56.16,63.0,692.09,50.03,56.86,13.69,199.97,4028704,211136800,213041680,213041680,3135174,6.96,450000,5062951000,1.5,1.5
4,6,6,24,144,80,true,0.37,56.73,63.48,1392.6699999999998,47.69,54.49,14.14,203.11,8060392,422276584,438718408,438718408,6275303,6.8660000000000005,900000,10125901000,1.5,1.5
8,6,6,48,288,160,true,0.35,55.07,67.14,2748.0999999999995,52.39,64.48,15.13,213.85,16124240,844556624,878941720,878941720,12512534,6.850999999999998,1800000,20251801000,1.5,1.5
16,6,6,96,576,320,true,0.96,53.97,66.9,5498.45,59.77,72.68,17.04,233.22,32462184,1689326952,1833119480,1833119480,24898681,6.930000000000003,3600000,40503601000,1.5,1.5
32,6,6,192,1152,640,true,0.65,53.9,67.64,10983.35,83.27,97.01,20.22,269.08,65968664,3379501592,4084944184,4085599544,49699733,6.7120000000000015,7200000,81007201000,1.5,1.5

