NUMBER_OF_NODES,TASKS_PER_NODE,THREADS_PER_TASK,NUM_VPS,SCALE,PLASTIC,T_nrns,T_conns_min,T_conns_max,T_ini_min,T_ini_max,T_equ,T_sim,VSize_sum,N_spks_sum,Rate_sum,N_nrns,N_conns_sum,d_min,d_max
1,36,1,36,15,true,0.13,35.65,36.79,0.6,1.74,5.05,82.85,87298128,1225756,7.406,168750,1898607250,1.5,1.5
2,36,1,72,30,true,0.07,37.68,39.36,0.63,2.31,5.36,84.19,175688200,2369467,6.944000000000003,337500,3797213500,1.5,1.5
4,36,1,144,60,true,0.18,39.38,41.46,0.58,2.65,5.32,87.78,408820956,4725975,6.966000000000001,675000,7594426000,1.5,1.5
8,36,1,288,120,true,0.49,40.99,43.77,0.67,3.48,6.45,97.88,950973372,9388140,7.081,1350000,15188851000,1.5,1.5
16,36,1,576,240,true,0.67,42.9,45.84,0.9,3.85,8.31,110.44,1898921408,18631950,6.808999999999977,2700000,30377701000,1.5,1.5
32,36,1,1152,480,true,0.82,43.87,48.34,1.28,5.88,10.77,140.54,3819081672,37253106,6.732999999999956,5400000,60755401000,1.5,1.5

