NUMBER_OF_NODES,TASKS_PER_NODE,THREADS_PER_TASK,NUM_VPS,SCALE,PLASTIC,T_nrns,T_conns_min,T_conns_max,T_ini_min,T_ini_max,T_equ,T_sim,VSize_sum,N_spks_sum,Rate_sum,N_nrns,N_conns_sum,d_min,d_max
1,36,1,36,15,true,0.12,36.44,37.51,0.62,1.69,5.14,85.58,87304272,1225756,7.406000000000001,168750,1898607250,1.5,1.5
1,12,3,36,15,true,0.15,47.89,53.05,0.89,6.05,7.65,121.11,76566816,1225756,7.406,168750,1898607250,1.5,1.5
1,6,6,36,15,true,0.26,52.17,55.01,0.96,3.8,8.21,128.85,74892432,1225756,7.406000000000001,168750,1898607250,1.5,1.5
1,4,9,36,15,true,0.37,53.47,55.85,0.91,3.28,7.8,124.27,74493392,1225756,7.406000000000001,168750,1898607250,1.5,1.5
1,2,18,36,15,true,0.6,54.55,57.09,1.38,3.92,8.54,130.37,74110424,1225756,7.406,168750,1898607250,1.5,1.5
1,1,36,36,15,true,1.2,61.78,61.78,1.44,1.44,11.63,173.78,74297500,1225756,7.406,168750,1898607250,1.5,1.5

