git,NUMBER_OF_NODES,TASKS_PER_NODE,THREADS_PER_TASK,SCALE,NUM_VPS,hash,num_tasks,T_nrns,T_conns_avg,T_conns_min,T_conns_max,T_conns_sum,T_ini_min,T_ini_max,T_sim,VSize_nodes_sum,VSize_mem_sum,VSize_ini_sum,VSize_sum,N_spks_sum,N_nrns,N_conns_sum
GIT: (nest-3@47a9175e4),1,6,6,0.0625,36,acd429db3b9ab17b5f5391184e500dc6,6,0.85,170.85666666666665,170.78,170.88,1025.1399999999999,7.84,7.85,45.06,2069640,24224904,25115784,25115784,741970,77169,353503570
GIT: (nest-3@47a9175e4),2,6,6,0.125,72,acd429db3b9ab17b5f5391184e500dc6,12,1.35,178.44833333333335,178.42,178.47,2141.38,8.39,8.43,56.27,4947140,49478852,51778756,51778756,1731795,154338,707098767
GIT: (nest-3@47a9175e4),4,6,6,0.25,144,acd429db3b9ab17b5f5391184e500dc6,24,2.3,219.61958333333337,219.56,219.67,5270.870000000001,9.34,9.42,82.5,11961652,105399604,113423668,113423668,3861825,308676,1414173402
GIT: (nest-3@47a9175e4),8,6,6,0.5,288,acd429db3b9ab17b5f5391184e500dc6,48,4.22,320.74354166666666,320.14,320.82,15395.69,11.37,11.45,183.83,34150380,194134540,223576308,223576308,8005059,617352,2828496787
GIT: (nest-3@47a9175e4),16,6,6,1.0,576,acd429db3b9ab17b5f5391184e500dc6,96,8.33,523.7387500000003,522.91,523.94,50278.92000000003,14.78,14.93,355.55,108819108,400838372,512345268,512345268,15921630,1234704,5656975771
GIT: (nest-3@47a9175e4),32,6,6,2.0,1152,acd429db3b9ab17b5f5391184e500dc6,192,22.28,949.81875,948.8,950.5,182365.2,21.17,21.46,780.82,376362132,964314388,1405880500,1405880500,32378440,2469408,11314024135

