git,NUMBER_OF_NODES,TASKS_PER_NODE,THREADS_PER_TASK,SCALE,NUM_VPS,hash,num_tasks,T_nrns,T_conns_avg,T_conns_min,T_conns_max,T_conns_sum,T_ini_min,T_ini_max,T_sim,VSize_nodes_sum,VSize_mem_sum,VSize_ini_sum,VSize_sum,N_spks_sum,N_nrns,N_conns_sum
GIT: (master@00e0d3cc8),1,6,6,0.0625,36,acd429db3b9ab17b5f5391184e500dc6,6,0.76,153.55999999999997,153.56,153.56,921.3599999999999,7.54,7.54,41.24,2211312,20941296,25348592,25348592,549184,77169,345444120
GIT: (master@00e0d3cc8),2,6,6,0.125,72,acd429db3b9ab17b5f5391184e500dc6,12,1.24,161.93583333333336,161.88,161.96,1943.2300000000005,8.67,8.69,49.94,5181332,44429204,52158356,52158356,1240493,154338,690993545
GIT: (master@00e0d3cc8),4,6,6,0.25,144,acd429db3b9ab17b5f5391184e500dc6,24,2.06,198.96333333333337,198.86,199.0,4775.120000000001,9.23,9.27,76.41,12135124,93395668,112222932,112222932,2702899,308676,1381945495
GIT: (master@00e0d3cc8),8,6,6,0.5,288,acd429db3b9ab17b5f5391184e500dc6,48,3.73,285.8462500000001,285.41,285.9,13720.620000000004,10.66,10.67,134.66,32531244,169549132,222911540,222911540,5679137,617352,2763952967
GIT: (master@00e0d3cc8),16,6,6,1.0,576,acd429db3b9ab17b5f5391184e500dc6,96,7.97,462.36739583333343,461.27,462.52,44387.27000000001,13.76,13.82,267.08,106170660,352202084,494189364,494189364,10829717,1234704,5527862161
GIT: (master@00e0d3cc8),32,6,6,2.0,1152,acd429db3b9ab17b5f5391184e500dc6,192,20.93,831.5919270833333,829.85,832.47,159665.65,19.0,19.05,616.55,372441492,866574868,1316222388,1316222388,21698471,2469408,11055765712

