NUMBER_OF_NODES,TASKS_PER_NODE,THREADS_PER_TASK,SCALE,NUM_VPS,hash,num_tasks,T_nrns,T_conns_avg,T_conns_min,T_conns_max,T_conns_sum,T_ini_min,T_ini_max,T_sim,VSize_nodes_sum,VSize_mem_sum,VSize_ini_sum,VSize_sum,N_spks_sum,N_nrns,N_conns_sum
1,6,6,0.0625,36,acd429db3b9ab17b5f5391184e500dc6,6,0.46,178.04,177.78,178.16,1068.24,6.14,6.14,38.12,1957992,20847720,25207912,25207912,560690,77169,345443323
2,6,6,0.125,72,acd429db3b9ab17b5f5391184e500dc6,12,0.82,193.64166666666668,193.54,193.72,2323.7000000000003,6.92,6.92,49.88,4994176,44229760,52118656,52118656,1231702,154338,690927633
4,6,6,0.25,144,acd429db3b9ab17b5f5391184e500dc6,24,2.13,231.81500000000003,231.29,232.05,5563.56,7.53,7.54,77.46,11760808,93021352,111875240,111875240,2725785,308676,1381963143
8,6,6,0.5,288,acd429db3b9ab17b5f5391184e500dc6,48,3.69,332.3727083333333,331.75,332.72,15953.89,8.23,8.25,130.54,31782608,168800496,222324696,222324696,5629041,617352,2763938640
16,6,6,1.0,576,acd429db3b9ab17b5f5391184e500dc6,96,7.09,524.9942708333335,524.12,525.39,50399.45000000002,11.46,11.48,236.99,104673384,350846120,490457720,490457720,10907581,1234704,5527888387
32,6,6,2.0,1152,acd429db3b9ab17b5f5391184e500dc6,192,19.76,923.1356770833323,922.06,924.22,177242.0499999998,14.41,14.49,459.88,369446936,863322264,1307155512,1307155512,21690611,2469408,11055874121

