git,NUMBER_OF_NODES,TASKS_PER_NODE,THREADS_PER_TASK,SCALE,NUM_VPS,num_tasks,T_nrns,T_conns_min,T_conns_max,T_conns_sum,T_ini_min,T_ini_max,VSize_nodes_sum,VSize_mem_sum,VSize_ini_sum,VSize_sum,N_nrns,N_conns_sum,d_min,d_max
GIT: (NEST colocate_syn@6885724bb),1,6,6,4,36,6,0.181060791016,32.2406532764,36.4123213291,197.88332963,49.3013775349,53.4726083279,10077192,82590216,82984172,,200000,1600000000,1.0,5.0
GIT: (NEST colocate_syn@6885724bb),2,6,6,8,72,12,0.206302404404,42.8935499191,48.4803347588,527.299154282,59.7769536972,65.3639216423,20274372,194275268,200571292,,400000,3999989200,1.0,5.0
GIT: (NEST colocate_syn@6885724bb),4,6,6,16,144,24,0.198681116104,47.9189989567,53.390257597,1174.37944722,60.7483618259,66.353032589,40557364,388553524,422444768,,800000,8000003600,1.0,5.0
GIT: (NEST colocate_syn@6885724bb),8,6,6,32,288,48,0.233664989471,58.5519595146,64.1733527184,2861.5080862,62.396903038,68.031001091,81118188,777110508,800608436,,1600000,15999967600,1.0,5.0
GIT: (NEST colocate_syn@6885724bb),16,6,6,64,576,96,0.647184371948,78.8097343445,84.4058935642,7673.76430273,64.2260484695,69.8415856361,162450084,1554459300,1601455156,,3200000,32000008200,1.0,5.0
GIT: (NEST colocate_syn@6885724bb),32,6,6,128,1152,192,0.35596370697,120.28337121,129.113447428,23376.7781389,66.9921205044,75.8405601978,325797012,3109864596,3233626036,,6400000,64000175600,1.0,5.0

