git,NUMBER_OF_NODES,TASKS_PER_NODE,THREADS_PER_TASK,SCALE,NUM_VPS,num_tasks,T_nrns,T_conns_min,T_conns_max,T_conns_sum,T_ini_min,T_ini_max,VSize_nodes_sum,VSize_mem_sum,VSize_ini_sum,VSize_sum,N_nrns,N_conns_sum,d_min,d_max
GIT: (NEST syn_colocate@e782bff22),1,6,6,4,36,6,0.144562721252,159.148686886,160.205210209,958.374991894,48.5584104061,49.6140773296,9658848,79115232,83285956,,200000,1600000000,1.0,5.0
GIT: (NEST syn_colocate@e782bff22),2,6,6,8,72,12,0.262889385223,251.092346907,252.051860809,3020.97374201,63.9159817696,64.8768293858,19584884,217013108,220133952,,400000,4000013400,1.0,5.0
GIT: (NEST syn_colocate@e782bff22),4,6,6,16,144,24,0.431431770325,250.019766331,250.432370901,6003.07187867,63.2153782845,63.5489685535,39172756,407849620,427705904,,800000,8000033800,1.0,5.0
GIT: (NEST syn_colocate@e782bff22),8,6,6,32,288,48,0.975832700729,286.221194029,286.379471302,13740.2475572,63.3692202568,63.5476844311,79037100,820581716,825386868,,1600000,16000027400,1.0,5.0
GIT: (NEST syn_colocate@e782bff22),16,6,6,64,576,96,1.68609833717,356.33989501,356.486357689,34215.8563569,65.8591833115,65.9541659355,161826852,1660939636,1672721332,,3200000,31999960800,1.0,5.0
GIT: (NEST syn_colocate@e782bff22),32,6,6,128,1152,192,3.15609741211,596.846550226,597.106153488,114623.885458,88.3835015297,88.623332262,334774164,3646685620,3807933876,,6400000,64000095800,1.0,5.0

