git,NUMBER_OF_NODES,TASKS_PER_NODE,THREADS_PER_TASK,SCALE,PLASTIC,RULE,NUM_VPS,num_tasks,T_nrns,T_conns_min,T_conns_max,T_conns_sum,T_ini_min,T_ini_max,VSize_nodes_sum,VSize_mem_sum,VSize_ini_sum,VSize_sum,N_nrns,N_conns_sum,d_min,d_max
,1,6,6,10,,,,6,,,,,,,,,,,,,,
GIT: (NEST colocate_syn@6885724bb),2,6,6,10,,,,12,0.351945877075,71.5073566437,76.5173983574,870.737384796,74.6756865978,79.6863231659,20538308,227305412,238884248,,500000,4999983200,1.0,5.0
GIT: (NEST colocate_syn@6885724bb),4,6,6,10,,,,24,0.210891723633,46.4761805534,49.4915909767,1129.89311337,38.6187815666,41.6352336407,40065844,245668660,267984148,,500000,5000018200,1.0,5.0
GIT: (NEST colocate_syn@6885724bb),8,6,6,10,,,,48,0.199146747589,33.9415698051,36.0387024879,1647.60200405,19.9676439762,22.067440033,78881772,287949804,350671028,,500000,5000000400,1.0,5.0
GIT: (NEST colocate_syn@6885724bb),16,6,6,10,,,,96,0.193362951279,27.9902157784,29.4004964828,2714.60025096,11.391677618,12.8047227859,156502692,361220772,457565236,,500000,4999958000,1.0,5.0
GIT: (NEST colocate_syn@6885724bb),32,6,6,10,,,,192,0.195247650146,24.8419423103,26.3543112278,4818.79983401,8.13563847542,9.65219831467,313853076,537601172,712234932,,500000,5000004000,1.0,5.0
GIT: (NEST colocate_syn@6885724bb),64,6,6,10,,,,384,2.29969263077,23.0809810162,25.0334424973,8949.42317319,4.41040229797,12.1520626545,630302580,838928244,1078201780,,500000,5000037800,1.0,5.0
GIT: (NEST colocate_syn@6885724bb),128,6,6,10,,,,768,6.62125468254,21.985019207,23.5056478977,17057.0988333,2.51749324799,4.04200434685,1245431604,1472710452,1858540468,,500000,4999875000,1.0,5.0

