NUMBER_OF_NODES,TASKS_PER_NODE,THREADS_PER_TASK,num_tasks,NUM_VPS,SCALE,PLASTIC,T_nrns,T_conns_min,T_conns_max,T_conns_sum,T_ini_min,T_ini_max,T_equ,T_sim,VSize_nodes_sum,VSize_mem_sum,VSize_ini_sum,VSize_sum,N_spks_sum,Rate_sum,N_nrns,N_conns_sum,d_min,d_max
1,1,6,1,,1,true,0.24,3.31,3.31,3.31,3.16,3.16,3.08,39.65,267452,1676988,1734332,1734332,550924,30.628,18000,32419000,1.5,1.5
2,1,6,2,,1,true,0.2,1.86,1.86,3.72,2.45,2.49,2.94,35.9,512560,1870384,1935920,1935920,546513,30.451999999999998,18000,32419000,1.5,1.5
4,1,6,4,,1,true,0.09,0.91,0.96,3.73,0.95,1.0,0.75,9.02,1027256,2505912,2505912,2530488,544174,30.353,18000,32419000,1.5,1.5
8,1,6,8,,1,true,0.05,0.46,0.65,4.01,0.54,0.74,0.44,5.14,1958424,3621400,3721752,3721752,548041,30.361,18000,32419000,1.5,1.5
16,1,6,16,,1,true,0.23,0.23,0.26,3.8400000000000007,0.3,0.33,0.23,2.52,3919416,5410360,5900856,5994040,557188,31.076999999999995,18000,32419000,1.5,1.5
32,1,6,32,,1,true,0.26,0.11,0.22,4.83,0.54,0.71,0.35,3.46,7842616,9136952,10270520,10361144,551014,30.631999999999998,18000,32419000,1.5,1.5
64,1,6,64,,1,true,0.19,0.06,0.11,4.65,0.38,0.49,0.25,3.05,16611256,17430456,18903992,19197880,557149,31.118,18000,32419000,1.5,1.5
128,1,6,128,,1,true,0.24,0.03,0.08,5.989999999999994,0.58,0.79,0.37,3.59,33512888,35151288,36855736,37161912,535619,29.881000000000014,18000,32419000,1.5,1.5

