git,NUMBER_OF_NODES,TASKS_PER_NODE,THREADS_PER_TASK,num_tasks,NUM_VPS,SCALE,PLASTIC,T_nrns,T_conns_min,T_conns_max,T_conns_sum,T_ini_min,T_ini_max,T_equ,T_sim,VSize_nodes_sum,VSize_mem_sum,VSize_ini_sum,VSize_sum,N_spks_sum,Rate_sum,N_nrns,N_conns_sum,d_min,d_max
GIT: (nest-3@47a9175e4),1,6,6,6,36,20,true,0.46,52.68,57.47,324.79999999999995,53.02,57.84,14.61,199.86,2026512,105331728,106069128,106069128,1582068,7.065,225000,2531476000,1.5,1.5
GIT: (nest-3@47a9175e4),2,6,6,12,72,40,true,0.49,52.8,57.19,651.22,57.5,61.88,14.41,205.66,4332500,210783188,212534468,212841668,3161188,6.99,450000,5062951000,1.5,1.5
GIT: (nest-3@47a9175e4),4,6,6,24,144,80,true,0.49,52.77,58.38,1300.52,59.03,64.64,14.99,210.67,8667988,421569364,438177076,438177076,6230342,6.802000000000001,900000,10125901000,1.5,1.5
GIT: (nest-3@47a9175e4),8,6,6,48,288,160,true,0.62,53.44,59.63,2639.749999999999,65.41,71.59,15.66,218.74,17339436,843142188,877619444,877619444,12497130,6.854,1800000,20251801000,1.5,1.5
GIT: (nest-3@47a9175e4),16,6,6,96,576,320,true,0.58,54.17,60.74,5374.47,82.21,88.76,17.11,237.12,34892580,1686498084,1837122740,1837122740,24809067,6.837,3600000,40503601000,1.5,1.5
GIT: (nest-3@47a9175e4),32,6,6,192,1152,640,true,0.71,55.57,62.01,11021.390000000001,108.27,114.71,20.32,273.28,71157140,3373843860,4076665012,4076665012,49697521,6.871999999999994,7200000,81007201000,1.5,1.5

