NUMBER_OF_NODES,TASKS_PER_NODE,THREADS_PER_TASK,num_tasks,NUM_VPS,SCALE,PLASTIC,T_nrns,T_conns_min,T_conns_max,T_conns_sum,T_ini_min,T_ini_max,T_equ,T_sim,VSize_nodes_sum,VSize_mem_sum,VSize_ini_sum,VSize_sum,N_spks_sum,Rate_sum,N_nrns,N_conns_sum,d_min,d_max
1,36,1,36,36,15,true,0.19,17.53,17.72,633.12,11.96,12.15,5.17,90.82,14622624,86912928,116924112,116924112,1230117,7.286000000000001,168750,1898607250,1.5,1.5
2,36,1,72,72,30,true,0.12,17.18,17.97,1247.8600000000006,11.91,12.71,5.54,90.7,30484868,174623108,234650032,234650032,2350257,6.939000000000002,337500,3797213500,1.5,1.5
4,36,1,144,144,60,true,1.14,17.33,18.01,2517.5800000000013,12.13,12.82,5.8,95.48,61299668,349576148,469629928,469629928,4707776,6.8999999999999995,675000,7594426000,1.5,1.5
8,36,1,288,288,120,true,0.39,17.2,18.16,5026.509999999994,13.41,14.37,7.45,106.74,124093800,700467560,940575256,940575256,9370469,6.804999999999997,1350000,15188851000,1.5,1.5
16,36,1,576,576,240,true,0.49,17.23,18.23,10051.880000000001,15.27,16.44,8.83,129.06,248951132,1397928284,2161621624,2161621624,18675541,6.966999999999978,2700000,30377701000,1.5,1.5
32,36,1,1152,1152,480,true,0.39,17.12,19.95,20060.929999999975,20.06,23.05,12.39,176.92,504555264,2802509568,4942625080,4942625080,37258109,6.8379999999999725,5400000,60755401000,1.5,1.5

