NUMBER_OF_NODES,TASKS_PER_NODE,THREADS_PER_TASK,num_tasks,NUM_VPS,SCALE,PLASTIC,T_nrns,T_conns_min,T_conns_max,T_conns_sum,T_ini_min,T_ini_max,T_equ,T_sim,VSize_nodes_sum,VSize_mem_sum,VSize_ini_sum,VSize_sum,N_spks_sum,Rate_sum,N_nrns,N_conns_sum,d_min,d_max
1,36,1,36,36,15,true,0.08,18.82,19.25,682.5699999999997,11.71,12.14,5.73,97.74,14615532,86905836,116917020,116917020,1230117,7.286000000000001,168750,1898607250,1.5,1.5
2,36,1,72,72,30,true,0.1,19.03,19.6,1378.3599999999997,12.04,12.61,6.16,97.94,30470468,174608708,234635632,234635632,2350257,6.939,337500,3797213500,1.5,1.5
4,36,1,144,144,60,true,0.08,18.97,19.71,2756.0699999999997,12.12,12.86,6.48,102.74,61270868,349547348,469601128,469601128,4707776,6.900000000000001,675000,7594426000,1.5,1.5
8,36,1,288,288,120,true,0.13,19.15,19.88,5584.870000000002,13.53,14.23,7.78,114.11,124036200,700409960,940517656,940517656,9370469,6.804999999999993,1350000,15188851000,1.5,1.5
16,36,1,576,576,240,true,0.5,19.44,20.35,11312.949999999973,15.39,16.31,9.21,137.0,248835932,1397813084,2160984184,2160984184,18675541,6.966999999999984,2700000,30377701000,1.5,1.5
32,36,1,1152,1152,480,true,0.53,20.17,23.58,23683.960000000017,18.79,22.37,13.74,234.3,511206144,2809160448,4950480184,4950480184,37258109,6.837999999999966,5400000,60755401000,1.5,1.5

