git,NUMBER_OF_NODES,TASKS_PER_NODE,THREADS_PER_TASK,SCALE,PLASTIC,RULE,NUM_VPS,num_tasks,T_nrns,T_conns_min,T_conns_max,T_conns_sum,T_ini_min,T_ini_max,T_equ,T_sim,VSize_nodes_sum,VSize_mem_sum,VSize_ini_sum,VSize_sum,N_spks_sum,Rate_sum,N_nrns,N_conns_sum,d_min,d_max
GIT: (master@630a97265),1,6,6,5,true,out,36,6,0.25,105.76,107.2,637.54,15.78,17.22,2.38,32.66,4674048,30856704,31041144,31379064,448503,7.962,56250,632869750,1.5,1.5
GIT: (master@630a97265),2,6,6,10,true,out,72,12,0.42,196.57,198.27,2365.9500000000003,17.29,19.02,2.3,31.32,9529268,61833140,62898340,63512740,847514,7.14,112500,1265738500,1.5,1.5
GIT: (master@630a97265),4,6,6,20,true,out,144,24,0.45,375.71,379.76,9060.93,71.28,75.33,2.43,32.19,19061524,123669268,128519412,129686772,1632765,7.24,225000,2531476000,1.5,1.5
GIT: (master@630a97265),8,6,6,40,true,out,288,48,0.44,732.56,740.97,35434.079999999994,21.08,29.49,2.88,34.71,38126508,247341996,274280564,279353460,3185075,7.099999999999998,450000,5062951000,1.5,1.5
GIT: (master@630a97265),16,6,6,80,true,out,576,96,0.57,1443.8,1470.13,139900.96,28.19,54.52,3.4,39.82,76663332,494897700,642130868,657009588,6331349,6.9879999999999995,900000,10125901000,1.5,1.5
GIT: (master@630a97265),32,6,6,160,true,out,1152,192,0.81,2870.17,2920.33,556745.1400000002,29.07,79.23,4.46,51.22,154960788,990643092,1229305524,1279637172,12591271,6.660999999999999,1800000,20251801000,1.5,1.5

