NUMBER_OF_NODES,TASKS_PER_NODE,THREADS_PER_TASK,num_tasks,NUM_VPS,SCALE,PLASTIC,T_nrns,T_conns_min,T_conns_max,T_conns_sum,T_ini_min,T_ini_max,T_equ,T_sim,VSize_nodes_sum,VSize_mem_sum,VSize_ini_sum,VSize_sum,N_spks_sum,Rate_sum,N_nrns,N_conns_sum,d_min,d_max
1,36,1,36,36,15,true,0.07,17.42,17.68,631.75,11.69,11.95,5.24,89.93,14622624,86912928,116924112,116924112,1230117,7.286000000000001,168750,1898607250,1.5,1.5
1,12,3,12,36,15,true,0.13,30.24,36.28,399.99,24.48,30.53,7.96,123.51,3264288,76119840,86466768,86657232,1203528,7.067999999999999,168750,1898607250,1.5,1.5
1,6,6,6,36,15,true,0.25,41.48,45.56,254.54000000000002,32.8,36.88,8.35,133.43,1773552,77114352,79909992,79971432,1230117,7.286,168750,1898607250,1.5,1.5
1,4,9,4,36,15,true,0.37,42.44,45.79,176.18999999999997,45.36,48.76,8.09,129.22,1421360,75968560,78003028,78027604,1230117,7.286,168750,1898607250,1.5,1.5
1,2,18,2,36,15,true,0.86,56.02,58.15,114.17,68.54,70.65,8.7,135.7,1111824,74861328,75386224,75392368,1230117,7.286,168750,1898607250,1.5,1.5
1,1,36,1,36,15,true,1.41,74.35,74.35,74.35,77.49,77.49,13.42,203.74,936256,74299200,75085632,75085632,1230117,7.286,168750,1898607250,1.5,1.5

