NUMBER_OF_NODES,TASKS_PER_NODE,NUM_VPS,THREADS_PER_TASK,SCALE,NUM_VPS,num_tasks,T_network_local,T_network_global_min,T_network_global_max,T_network_global_sum,T_create_min,T_create_max,T_create_sum,T_connect_max,T_connect_min,T_connect_sum,T_ini_min,T_ini_max,T_sim,VSize_sum,VSize_ini_sum,VSize_net_sum,N_spks_sum,N_nrns,N_conns_sum
16,6,576,6,1.0,576,96,419.01796436309814,662.3817517757416,685.2821388244629,64643.10194540024,335.06519389152527,355.2374339103699,33224.400151968,84.43088984489441,68.01440691947937,7108.0808918476105,34.690823793411255,34.6949782371521,62.22033452987671,1680556024,1680556024,1617241976,5574566,4130180,24134776576

