git,NUMBER_OF_NODES,TASKS_PER_NODE,NUM_VPS,THREADS_PER_TASK,SCALE,NUM_VPS,num_tasks,T_network_local,T_network_global_min,T_network_global_max,T_network_global_sum,T_create_min,T_create_max,T_create_sum,T_connect_max,T_connect_min,T_connect_sum,T_ini_min,T_ini_max,T_sim,VSize_sum,VSize_ini_sum,VSize_net_sum,N_spks_sum,N_nrns,N_conns_sum
GIT: (NEST master@0a6bac389),32,6,,6,1,,192,41.4808011055,54.760256052,59.4412772655,10772.1508543,15.7184684277,16.2830612659,3066.25034523,29.1604921818,24.9161088467,5119.92525101,37.7147817612,37.7159547806,151.217903852,2071481012,2071481012,1736841108,21991826,4130179,24134776576
GIT: (NEST master@0a6bac389),48,6,,6,1,,288,35.6847288609,53.6261918545,57.7854399681,15804.8778942,15.6347975731,16.7372224331,4583.15829062,21.8835570812,18.2737276554,5575.29625988,28.3833546638,28.3851237297,175.672934294,2213301812,2213301812,1794343300,21975516,4130179,24134776576
GIT: (NEST master@0a6bac389),64,6,,6,1,,384,31.1420500278,52.054156065,57.8661801815,20879.2641599,15.2680470943,16.3275260925,6084.19262528,17.0997338295,14.7201611996,6061.90174317,22.8567390442,22.8588960171,174.732436419,2569257140,2563635380,2075648628,21972429,4130179,24134776576
GIT: (NEST master@0a6bac389),80,6,,6,1,,480,28.9796226025,52.9101746082,57.9597196579,26162.460814,15.5147759914,16.4467718601,7594.72956634,15.3807599545,13.0342416763,6438.81558132,19.6663014889,19.6683707237,180.520082235,2871604404,2865951924,2312572132,22018180,4130179,24134776576
GIT: (NEST master@0a6bac389),96,6,,6,1,,576,,,,,,,,,,,,,,,,,,,
GIT: (NEST master@0a6bac389),112,6,,6,1,,672,,,,,,,,,,,,,,,,,,,
GIT: (NEST master@0a6bac389),128,6,,6,1,,768,,,,,,,,,,,,,,,,,,,

