git,NUMBER_OF_NODES,TASKS_PER_NODE,THREADS_PER_TASK,SCALE,PLASTIC,RULE,NUM_VPS,num_tasks,T_nrns,T_conns_min,T_conns_max,T_conns_sum,T_ini_min,T_ini_max,VSize_nodes_sum,VSize_mem_sum,VSize_ini_sum,VSize_sum,N_nrns,N_conns_sum,d_min,d_max
GIT: (NEST syn_colocate@e782bff22),1,6,6,5,false,in,36,6,0.0587501525879,77.0039362907,96.1664094925,487.003885508,76.9651181698,96.1278545856,10285536,132084192,132532424,,500000,2500000000,1.5,1.5
GIT: (NEST syn_colocate@e782bff22),2,6,6,10,false,in,72,12,0.0747179985046,88.8785710335,108.358355999,1120.56448436,77.8218193054,97.301602602,20690804,264288116,273048912,,1000000,4999998550,1.5,1.5
GIT: (NEST syn_colocate@e782bff22),4,6,6,20,false,in,144,24,0.151718616486,110.599529743,129.842109203,2754.81284904,79.1472811699,98.3920311928,41384596,528579220,576699980,,2000000,10000005450,1.5,1.5
GIT: (NEST syn_colocate@e782bff22),8,6,6,40,false,in,288,48,0.678337335587,154.795105219,175.64348793,7600.17611384,80.0154387951,100.887156487,82772652,1057174188,1090109300,,4000000,19999982250,1.5,1.5
,16,6,6,80,false,in,576,96,,,,,,,,,,,,,,
,32,6,6,160,false,in,1152,192,,,,,,,,,,,,,,

