git,NUMBER_OF_NODES,TASKS_PER_NODE,THREADS_PER_TASK,SCALE,PLASTIC,RULE,NUM_VPS,num_tasks,T_nrns,T_conns_min,T_conns_max,T_conns_sum,T_ini_min,T_ini_max,VSize_nodes_sum,VSize_mem_sum,VSize_ini_sum,VSize_sum,N_nrns,N_conns_sum,d_min,d_max
GIT: (NEST master@630a97265),1,6,6,4,false,in,36,6,0.2006242275238037,36.9148952960968,37.33847188949585,222.35458898544312,49.46718716621399,49.93192648887634,10859496,82971624,87692500,,400000,1600000000,1.5,1.5
GIT: (NEST master@630a97265),2,6,6,8,false,in,72,12,0.19820427894592285,55.43713331222534,56.300240993499756,669.3877174854279,62.66622519493103,63.530606746673584,21986180,228068228,228859224,,800000,4000004500,1.5,1.5
GIT: (NEST master@630a97265),4,6,6,16,false,in,144,24,0.4657120704650879,72.4183087348938,74.19801044464111,1749.6155154705048,66.85256695747375,68.63667869567871,43975348,456139444,470304336,,1600000,7999985900,1.5,1.5
GIT: (NEST master@630a97265),8,6,6,32,false,in,288,48,0.43862414360046387,105.94422602653503,108.75429153442383,5121.45174741745,73.17200779914856,76.00161170959473,87966444,912294636,938938292,,3200000,15999940100,1.5,1.5
GIT: (NEST master@630a97265),16,6,6,64,false,in,576,96,0.3747868537902832,175.89181923866272,184.99549174308777,17049.7616045475,83.77698683738708,92.88282871246338,176146596,1824827556,1879687732,,6400000,31999987650,1.5,1.5
GIT: (NEST master@630a97265),32,6,6,128,false,in,1152,192,3.025334358215332,313.01546359062195,324.3838701248169,60624.715161800385,96.50967764854431,107.99916911125183,353239188,3650601108,3760223156,,12800000,63999980050,1.5,1.5

