git,NUMBER_OF_NODES,TASKS_PER_NODE,THREADS_PER_TASK,SCALE,PLASTIC,RULE,NUM_VPS,num_tasks,T_nrns,T_conns_min,T_conns_max,T_conns_sum,T_ini_min,T_ini_max,VSize_nodes_sum,VSize_mem_sum,VSize_ini_sum,VSize_sum,N_nrns,N_conns_sum,d_min,d_max
GIT: (NEST nest-3@47a9175e4),1,6,6,5,false,out,36,6,0.38478803634643555,517.5056436061859,657.2702829837799,3257.1673340797424,,,8214024,130012680,,,,,,
GIT: (NEST nest-3@47a9175e4),2,6,6,10,false,out,72,12,0.12250375747680664,926.7141423225403,945.1490230560303,11215.873311281204,,,16547780,260145092,,,,,,
GIT: (NEST nest-3@47a9175e4),4,6,6,20,false,out,144,24,0.1052396297454834,1740.9196927547455,1794.3667039871216,42100.42385673523,,,33098548,520299316,,,,,,
GIT: (NEST nest-3@47a9175e4),8,6,6,40,false,out,288,48,1.0295472145080566,3344.1551592350006,3448.6919996738434,162097.4518983364,,,66212844,1040602092,,,,,,
,16,6,6,80,false,out,576,96,,,,,,,,,,,,,,
,32,6,6,160,false,out,1152,192,,,,,,,,,,,,,,

