git,NUMBER_OF_NODES,TASKS_PER_NODE,THREADS_PER_TASK,num_tasks,NUM_VPS,SCALE,count,T_nrns,T_conns_max,T_conns_min,VSize_nodes_sum,VSize_mem_sum,VSize_ini_sum,VSize_sum,N_nrns,N_conns_sum
,1,6,6,6,36,1,,3.769301414489746,90.97665023803711,90.97617316246033,9456928,40725024,47372952,47372952,660968,606716142
,2,6,6,12,72,2,,7.4919984340667725,267.703830242157,267.6826934814453,21097972,151196660,159261924,159261924,1321936,2422388840
,4,6,6,24,144,4,,13.790759325027466,631.1752171516418,631.1081166267395,50650516,569217940,579097972,579097972,2643872,9680669152
,8,6,6,48,288,8,,,,,,,,,,

