NUMBER_OF_NODES,TASKS_PER_NODE,THREADS_PER_TASK,SCALE,NUM_VPS,hash,num_tasks,T_nrns,T_conns_avg,T_conns_min,T_conns_max,T_conns_sum,T_ini_min,T_ini_max,T_sim,VSize_nodes_sum,VSize_mem_sum,VSize_ini_sum,VSize_sum,N_spks_sum,N_nrns,N_conns_sum
1,6,6,0.0625,36,acd429db3b9ab17b5f5391184e500dc6,6,0.65,171.1716666666667,171.05,171.24,1027.0300000000002,6.04,6.04,37.97,1954608,20844336,25319216,25319216,560690,77169,345443323
2,6,6,0.125,72,acd429db3b9ab17b5f5391184e500dc6,12,1.33,195.12499999999997,194.96,195.59,2341.4999999999995,6.58,6.59,47.75,4987408,44222992,52050448,52050448,1231702,154338,690927633
4,6,6,0.25,144,acd429db3b9ab17b5f5391184e500dc6,24,1.5,228.43833333333336,227.96,228.87,5482.52,8.07,8.08,85.54,11747272,93007816,111738824,111738824,2725785,308676,1381963143
8,6,6,0.5,288,acd429db3b9ab17b5f5391184e500dc6,48,3.96,334.45125,333.89,334.99,16053.660000000002,8.96,8.98,128.14,31755536,168773424,222074392,222074392,5629041,617352,2763938640
16,6,6,1.0,576,acd429db3b9ab17b5f5391184e500dc6,96,7.92,521.6560416666667,521.29,522.46,50078.98,10.29,10.35,220.58,104619240,350785832,490118904,490118904,10859878,1234704,5527888387
32,6,6,2.0,1152,acd429db3b9ab17b5f5391184e500dc6,192,20.8,965.2513020833331,964.58,966.36,185328.24999999997,13.71,13.84,470.76,369338648,863220120,1306176824,1306176824,21727391,2469408,11055874121

