NUMBER_OF_NODES,TASKS_PER_NODE,THREADS_PER_TASK,SCALE,PLASTIC,RULE,NUM_VPS,num_tasks,T_nrns,T_conns_min,T_conns_max,T_conns_sum,T_ini_min,T_ini_max,T_equ,T_sim,VSize_nodes_sum,VSize_mem_sum,VSize_ini_sum,VSize_sum,N_spks_sum,Rate_sum,N_nrns,N_conns_sum,d_min,d_max
1,6,6,5,true,bern,36,6,0.12,16.3,20.29,102.30000000000001,10.63,14.62,2.19,0.23,2128752,27534192,28034024,28482536,4145,7.2,56250,632822702,1.5,1.5
2,6,6,10,true,bern,72,12,0.1,19.23,23.21,238.03,11.06,15.05,2.15,0.23,4377232,55188112,57041792,57256832,5819,4.8999999999999995,112500,1265721453,1.5,1.5
4,6,6,20,true,bern,144,24,0.15,24.42,28.71,604.9100000000001,11.41,15.69,2.3,0.27,9003208,110379208,118919848,118919848,15135,7.7,225000,2531467900,1.5,1.5
8,6,6,40,true,bern,288,48,0.25,35.0,39.03,1713.27,12.26,16.29,2.51,0.33,17682192,220761872,252259288,252259288,33542,6.6999999999999975,450000,5062952680,1.5,1.5
16,6,6,80,true,bern,576,96,0.19,56.46,60.74,5497.72,13.58,17.91,2.88,0.35,36233448,441737448,586054264,586054264,62664,5.799999999999998,900000,10126085848,1.5,1.5
32,6,6,160,true,bern,1152,192,0.33,99.22,105.42,19226.45,15.12,21.31,3.6,0.43,73314584,884322584,1144513592,1144513592,122093,6.899999999999996,1800000,20251750390,1.5,1.5

