NUMBER_OF_NODES,TASKS_PER_NODE,THREADS_PER_TASK,NUM_VPS,SCALE,PLASTIC,T_nrns,T_conns_min,T_conns_max,T_ini_min,T_ini_max,T_equ,T_sim,VSize_sum,N_spks_sum,Rate_sum,N_nrns,N_conns_sum,d_min,d_max
1,36,1,36,15,true,0.12,21.73,22.81,18.79,19.86,5.37,87.81,191481648,1230117,7.286000000000001,168750,1898607250,1.5,1.5
1,12,3,36,15,true,0.13,38.73,44.55,29.74,35.48,7.65,128.25,166957248,1230117,7.286000000000001,168750,1898607250,1.5,1.5
1,6,6,36,15,true,0.35,51.38,53.21,35.99,37.82,8.14,131.9,163528800,1230117,7.286,168750,1898607250,1.5,1.5
1,4,9,36,15,true,0.37,58.84,60.55,50.3,52.01,8.14,135.43,162769052,1230117,7.286,168750,1898607250,1.5,1.5
1,2,18,36,15,true,0.77,81.97,85.71,66.25,70.03,8.35,137.2,162087960,1230117,7.286,168750,1898607250,1.5,1.5
1,1,36,36,15,true,1.5,124.92,124.92,91.19,91.19,12.04,187.95,161750676,1230117,7.286,168750,1898607250,1.5,1.5

