NUMBER_OF_NODES,TASKS_PER_NODE,THREADS_PER_TASK,num_tasks,NUM_VPS,SCALE,PLASTIC,T_nrns,T_conns_min,T_conns_max,T_conns_sum,T_ini_min,T_ini_max,T_equ,T_sim,VSize_nodes_sum,VSize_mem_sum,VSize_ini_sum,VSize_sum,N_spks_sum,Rate_sum,N_nrns,N_conns_sum,d_min,d_max
1,36,1,36,36,20,true,0.09,23.38,23.78,844.1600000000004,16.21,16.61,8.58,139.31,14934096,117784656,126635904,126635904,1608648,7.047,225000,2531476000,1.5,1.5
1,12,3,12,36,20,true,0.19,40.85,50.33,519.5600000000001,32.22,41.6,12.99,187.6,3331248,106882224,109180512,109536864,1608648,7.047000000000001,225000,2531476000,1.5,1.5
1,6,6,6,36,20,true,0.39,56.18,61.69,344.62,47.69,53.2,13.49,197.44,1929912,105483960,106252080,106374960,1608648,7.047,225000,2531476000,1.5,1.5
1,4,9,4,36,20,true,0.52,58.04,61.9,238.94000000000003,60.7,64.59,13.49,197.05,1599328,105129824,105534544,105589840,1608648,7.047,225000,2531476000,1.5,1.5
1,2,18,2,36,20,true,0.94,75.31,79.0,154.31,94.6,98.3,13.7,200.12,1188520,104847016,106085496,106103928,1608648,7.047000000000001,225000,2531476000,1.5,1.5
1,1,36,1,36,20,true,1.81,96.74,96.74,96.74,104.4,104.4,20.47,288.53,1017612,105190668,105714956,105714956,1608648,7.047,225000,2531476000,1.5,1.5

