NUMBER_OF_NODES,TASKS_PER_NODE,THREADS_PER_TASK,NUM_VPS,SCALE,PLASTIC,T_nrns,T_conns_min,T_conns_max,T_ini_min,T_ini_max,T_equ,T_sim,VSize_sum,N_spks_sum,Rate_sum,N_nrns,N_conns_sum,d_min,d_max
1,36,1,36,15,true,0.2,21.84,22.9,18.22,19.28,4.87,88.38,191481648,1230117,7.286000000000002,168750,1898607250,1.5,1.5
2,36,1,72,30,true,0.59,21.74,24.15,18.84,21.24,5.45,87.63,383052112,2350257,6.939000000000001,337500,3797213500,1.5,1.5
4,36,1,144,60,true,0.14,21.71,23.1,22.5,23.89,5.66,92.08,766434088,4707776,6.900000000000001,675000,7594426000,1.5,1.5
8,36,1,288,120,true,0.65,22.01,24.54,22.05,24.58,7.77,105.33,1534183576,9370469,6.804999999999992,1350000,15188851000,1.5,1.5
16,36,1,576,240,true,0.22,21.77,24.3,24.56,27.09,9.05,119.03,3085647736,18675541,6.966999999999977,2700000,30377701000,1.5,1.5
32,36,1,1152,480,true,0.88,21.73,26.16,29.25,33.72,10.93,163.31,6189345592,37258109,6.837999999999969,5400000,60755401000,1.5,1.5

