NUMBER_OF_NODES,TASKS_PER_NODE,THREADS_PER_TASK,SCALE,PLASTIC,RULE,NUM_VPS,num_tasks,T_nrns,T_conns_min,T_conns_max,T_conns_sum,T_ini_min,T_ini_max,T_equ,T_sim,VSize_nodes_sum,VSize_mem_sum,VSize_ini_sum,VSize_sum,N_spks_sum,Rate_sum,N_nrns,N_conns_sum,d_min,d_max
1,6,6,5,true,out,36,6,0.11,75.28,79.62,459.05,9.01,13.35,2.05,0.26,2128752,29303664,29672424,30163944,3617,6.8,56250,632869750,1.5,1.5
2,6,6,10,true,out,72,12,0.14,128.24,145.12,1582.27,9.46,26.34,2.18,0.26,4377232,58727056,60017536,60171136,8757,8.4,112500,1265738500,1.5,1.5
4,6,6,20,true,out,144,24,0.23,232.49,268.86,5667.03,10.08,46.45,2.27,0.32,9003208,117457096,123114152,123452072,18467,7.999999999999999,225000,2531476000,1.5,1.5
8,6,6,40,true,out,288,48,0.12,440.86,470.81,21375.660000000007,14.0,43.9,2.45,0.29,17682192,234917648,261489624,261489624,31103,6.8999999999999995,450000,5062951000,1.5,1.5
16,6,6,80,true,out,576,96,0.27,855.7,951.1,83525.23,12.01,107.4,2.94,0.4,36233448,470049000,600767096,600767096,68707,7.899999999999995,900000,10125901000,1.5,1.5
32,6,6,160,true,out,1152,192,0.32,1685.13,1784.4,327241.6699999998,12.69,111.85,3.72,0.44,73314584,940945688,1167451192,1167451192,126481,6.899999999999996,1800000,20251801000,1.5,1.5

