NUMBER_OF_NODES,TASKS_PER_NODE,THREADS_PER_TASK,num_tasks,NUM_VPS,SCALE,PLASTIC,T_nrns,T_conns_min,T_conns_max,T_conns_sum,T_ini_min,T_ini_max,T_equ,T_sim,VSize_nodes_sum,VSize_mem_sum,VSize_ini_sum,VSize_sum,N_spks_sum,Rate_sum,N_nrns,N_conns_sum,d_min,d_max
1,36,1,36,36,15,true,0.09,17.43,17.73,630.8900000000003,11.84,12.14,5.52,89.62,14602320,86892624,116903808,116903808,1230117,7.2860000000000005,168750,1898607250,1.5,1.5
2,36,1,72,72,30,true,0.1,17.29,17.88,1253.9600000000003,11.46,12.05,5.79,90.32,30444260,174582500,234609424,234609424,2350257,6.939000000000001,337500,3797213500,1.5,1.5
4,36,1,144,144,60,true,0.17,17.32,17.89,2516.4400000000005,12.31,12.87,5.93,94.96,61218452,349494932,469548712,469548712,4707776,6.899999999999999,675000,7594426000,1.5,1.5
8,36,1,288,288,120,true,0.07,17.3,18.05,5023.329999999996,13.12,14.0,7.32,106.58,123931368,700305128,940412824,940412824,9370469,6.804999999999994,1350000,15188851000,1.5,1.5
16,36,1,576,576,240,true,0.35,17.38,18.6,10110.590000000024,15.48,16.86,8.66,128.64,248626268,1397603420,2160866680,2160866680,18675541,6.966999999999984,2700000,30377701000,1.5,1.5
32,36,1,1152,1152,480,true,0.28,17.39,20.57,20283.009999999947,19.68,23.01,12.12,173.25,503905536,2801859840,4943413048,4943413048,37258109,6.837999999999965,5400000,60755401000,1.5,1.5

