NUMBER_OF_NODES,TASKS_PER_NODE,THREADS_PER_TASK,SCALE,PLASTIC,RULE,NUM_VPS,num_tasks,T_nrns,T_conns_min,T_conns_max,T_conns_sum,T_ini_min,T_ini_max,T_equ,T_sim,VSize_nodes_sum,VSize_mem_sum,VSize_ini_sum,VSize_sum,N_spks_sum,Rate_sum,N_nrns,N_conns_sum,d_min,d_max
1,6,6,5,true,all,36,6,0.15,12.45,14.29,77.55000000000001,9.65,11.49,0.71,0.16,2042736,27534192,27902952,28302312,1381,5.0,25156,632850492,1.5,1.5
2,6,6,10,true,all,72,12,0.1,12.46,15.21,157.67000000000002,10.88,13.61,1.82,0.02,4278928,55188112,56056704,57125760,0,0.0,35575,1265617200,1.5,1.5
4,6,6,20,true,all,144,24,0.05,12.38,15.38,314.30000000000007,10.26,13.26,1.18,0.1,8560840,110379208,112902824,114918056,1605,3.2000000000000015,50311,2531248032,1.5,1.5
8,6,6,40,true,all,288,48,0.22,12.43,15.49,629.54,11.35,14.4,0.86,0.06,17125136,220761872,227253208,230597592,0,0.0,71151,5062536952,1.5,1.5
16,6,6,80,true,all,576,96,0.09,12.37,15.22,1255.1600000000003,10.63,13.47,0.88,0.03,34463976,441737448,462191224,465795704,0,0.0,100623,10125089752,1.5,1.5
32,6,6,160,true,all,1152,192,0.18,12.38,15.96,2524.9400000000023,11.31,14.86,0.52,1.23,71348504,884322584,926409784,951170104,70786,52.999999999999964,142302,20250002506,1.5,1.5

