NUMBER_OF_NODES,TASKS_PER_NODE,THREADS_PER_TASK,SCALE,PLASTIC,RULE,NUM_VPS,num_tasks,T_nrns,T_conns_min,T_conns_max,T_conns_sum,T_ini_min,T_ini_max,T_equ,T_sim,VSize_nodes_sum,VSize_mem_sum,VSize_ini_sum,VSize_sum,N_spks_sum,Rate_sum,N_nrns,N_conns_sum,d_min,d_max
1,6,6,5,true,tot,36,6,0.12,0.02,0.02,0.12000000000000001,0.06,0.06,0.35,0.04,2128752,2205552,2666472,2666472,58302,104.0,56250,182000,1.5,1.5
2,6,6,10,true,tot,72,12,0.23,0.1,0.19,2.09,0.1,0.1,0.43,0.05,4377232,4653712,5224832,5235584,116631,103.6,112500,362000,1.5,1.5
4,6,6,20,true,tot,144,24,0.11,0.07,0.15,2.9099999999999997,0.15,0.15,0.45,0.05,9003208,9310408,9697448,9711784,233108,105.69999999999997,225000,722000,1.5,1.5
8,6,6,40,true,tot,288,48,0.27,0.12,0.23,10.120000000000005,0.37,0.38,0.91,0.06,17682192,18624272,19454424,19461592,466256,102.49999999999996,450000,1442000,1.5,1.5
16,6,6,80,true,tot,576,96,0.25,0.15,0.26,23.640000000000008,0.21,0.22,0.67,0.07,36233448,37462248,39131256,39156344,932876,104.79999999999998,900000,2882000,1.5,1.5
32,6,6,160,true,tot,1152,192,0.26,0.21,0.32,57.029999999999994,0.27,0.28,0.62,0.06,73314584,75772184,80735288,80876088,1864797,103.49999999999994,1800000,5762000,1.5,1.5

