NUMBER_OF_NODES,TASKS_PER_NODE,THREADS_PER_TASK,SCALE,PLASTIC,NBLOCKS,NUM_VPS,num_tasks,T_nrns,T_conns_min,T_conns_max,T_ini_min,T_ini_max,T_equ,T_sim,VSize_nodes_sum,VSize_mem_sum,VSize_ini_sum,VSize_sum,N_spks_sum,Rate_sum,N_nrns,N_conns_sum,d_min,d_max
1,6,6,20,true,1000,36,6,0.4,95.41,110.23,45.56,60.38,4.76,43.11,1929912,105483960,106190640,106546992,450479,0.873,225000,2520451000,1.0,1.5
2,6,6,40,true,1000,72,12,0.43,97.38,111.47,44.53,58.53,5.76,109.08,4028704,211136800,213166608,216017424,2083073,3.2889999999999997,450000,5040901000,1.0,1.5
4,6,6,80,true,1000,144,24,0.39,100.26,114.31,45.61,59.65,6.94,186.26,8060392,422276584,437870536,464289736,5572546,4.654,900000,10081801000,1.0,1.5
8,6,6,160,true,1000,288,48,0.34,104.9,120.65,48.86,64.63,8.79,263.11,16124240,844556624,876361240,998569496,11969889,4.921000000000002,1800000,20163601000,1.0,1.5
16,6,6,320,true,1000,576,96,0.54,115.24,132.7,56.96,74.44,13.97,309.09,32462184,1689326952,1799827192,2021103352,26170025,5.6549999999999985,3600000,40327201000,1.0,1.5
32,6,6,640,true,1000,1152,192,0.44,136.34,155.53,78.57,97.78,18.69,328.28,65968664,3379501592,4038413624,4300875064,48653781,5.098999999999993,7200000,80654401000,1.0,1.5

