NUMBER_OF_NODES,TASKS_PER_NODE,THREADS_PER_TASK,SCALE,PLASTIC,RULE,NUM_VPS,num_tasks,T_nrns,T_conns_min,T_conns_max,T_conns_sum,T_ini_min,T_ini_max,T_equ,T_sim,VSize_nodes_sum,VSize_mem_sum,VSize_ini_sum,VSize_sum,N_spks_sum,Rate_sum,N_nrns,N_conns_sum,d_min,d_max
1,6,6,5,true,tot,36,6,0.13,16.71,19.28,103.42,45.97,48.6,12.47,0.73,2128752,27534192,47813728,57453256,2790,5.2,56250,632869750,1.5,1.5
2,6,6,10,true,tot,72,12,0.19,16.46,19.44,204.67,48.18,51.17,9.5,0.89,4377232,55188112,94643312,101737584,7319,5.2,112500,1265738500,1.5,1.5
4,6,6,20,true,tot,144,24,0.25,16.24,20.75,412.84999999999997,49.61,54.11,10.81,1.11,9003208,110379208,188662920,198083720,14481,6.6,225000,2531476000,1.5,1.5
8,6,6,40,true,tot,288,48,0.32,16.17,20.66,822.4200000000001,50.44,54.92,9.6,1.1,17682192,220761872,391594968,391594968,32428,5.8999999999999995,450000,5062951000,1.5,1.5
16,6,6,80,true,tot,576,96,0.21,9.09,11.59,918.5100000000003,19.4,21.85,1.24,0.15,36233448,240410856,450722424,450722424,4173,0.5,900000,5830933704,1.5,1.5
32,6,6,160,true,tot,1152,192,0.33,5.48,6.78,1104.580000000001,9.86,11.25,1.47,0.15,73314584,301576472,631219256,644195384,6152,0.0,1800000,7366899112,1.5,1.5

