NUMBER_OF_NODES,TASKS_PER_NODE,THREADS_PER_TASK,SCALE,PLASTIC,NBLOCKS,NUM_VPS,num_tasks,T_nrns,T_conns_min,T_conns_max,T_ini_min,T_ini_max,T_equ,T_sim,VSize_nodes_sum,VSize_mem_sum,VSize_ini_sum,VSize_sum,N_spks_sum,Rate_sum,N_nrns,N_conns_sum,d_min,d_max
1,6,6,20,true,1000,36,6,0.34,96.22,108.95,44.47,57.19,4.02,43.9,1929912,105483960,106129200,106467120,450479,0.873,225000,2520451000,1.0,1.5
2,6,6,40,true,2000,72,12,0.44,229.32,261.44,44.13,76.39,5.83,121.3,4028704,211136800,213105168,217549328,2372483,3.6550000000000002,450000,5040901000,1.0,1.5
4,6,6,80,true,4000,144,24,0.4,731.69,803.3,45.62,117.25,7.11,173.18,8060392,434859496,437686216,461227976,5365694,4.276,900000,9721801000,1.0,1.5
8,6,6,160,true,8000,288,48,0.45,2634.76,2893.41,44.5,303.74,11.93,231.87,16124240,901966160,937481752,1021662744,11689961,4.6320000000000014,1800000,18723601000,1.0,1.5
16,6,6,320,true,16000,576,96,0.46,,,,,,,32462184,,,,,,,,,
32,6,6,640,true,32000,1152,192,0.44,,,,,,,65968664,,,,,,,,,

