NUMBER_OF_NODES,TASKS_PER_NODE,THREADS_PER_TASK,NUM_VPS,SCALE,PLASTIC,T_nrns,T_conns_min,T_conns_max,T_ini_min,T_ini_max,T_equ,T_sim,VSize_sum,N_spks_sum,Rate_sum,N_nrns,N_conns_sum,d_min,d_max
1,36,1,36,15,true,0.09,17.56,17.92,11.78,12.13,5.43,90.13,116903952,1230117,7.286000000000001,168750,1898607250,1.5,1.5
2,36,1,72,30,true,0.1,17.36,18.03,11.78,12.45,5.5,90.85,234609424,2350257,6.939000000000001,337500,3797213500,1.5,1.5
4,36,1,144,60,true,0.21,17.38,18.03,12.36,13.06,5.75,95.31,469548712,4707776,6.900000000000001,675000,7594426000,1.5,1.5
8,36,1,288,120,true,0.1,17.39,18.08,13.03,13.73,6.79,105.49,940412824,9370469,6.804999999999995,1350000,15188851000,1.5,1.5
16,36,1,576,240,true,0.27,17.39,18.52,15.09,16.41,8.86,128.16,2161155448,18675541,6.966999999999979,2700000,30377701000,1.5,1.5
32,36,1,1152,480,true,0.18,17.37,20.39,19.17,22.32,12.35,172.9,4943609656,37258109,6.837999999999969,5400000,60755401000,1.5,1.5

