NUMBER_OF_NODES,TASKS_PER_NODE,THREADS_PER_TASK,num_tasks,NUM_VPS,SCALE,PLASTIC,T_nrns,T_conns_min,T_conns_max,T_conns_sum,T_ini_min,T_ini_max,T_equ,T_sim,VSize_nodes_sum,VSize_mem_sum,VSize_ini_sum,VSize_sum,N_spks_sum,Rate_sum,N_nrns,N_conns_sum,d_min,d_max
1,6,6,6,36,20,true,0.4,59.03,68.84,372.08000000000004,55.15,64.95,20.37,256.24,1929912,105483960,106319664,106319664,1622536,7.175000000000001,225000,2531476000,0.1,50.0
2,6,6,12,72,40,true,0.33,59.38,68.25,742.9300000000001,62.68,71.64,20.12,262.24,4028704,211136800,213856784,213856784,3247431,7.274000000000001,450000,5062951000,0.1,50.0
4,6,6,24,144,80,true,0.34,59.12,70.72,1488.6999999999996,56.11,67.71,21.56,277.51,8060392,422276584,439369672,439369672,6593224,7.292999999999999,900000,10125901000,0.1,50.0
8,6,6,48,288,160,true,0.46,57.37,71.05,2909.84,59.52,73.18,23.93,297.63,16124240,844556624,895950360,895950360,13131878,7.343,1800000,20251801000,0.1,50.0
16,6,6,96,576,320,true,0.42,57.13,72.26,5827.450000000002,66.91,82.08,28.71,338.54,32462184,1689326952,2003644152,2003644152,26165723,7.252999999999998,3600000,40503601000,0.1,50.0
32,6,6,192,1152,640,true,0.41,56.6,73.22,11626.19,91.91,108.48,37.43,439.16,65968664,3379501592,4109847864,4109847864,52425203,7.273999999999997,7200000,81007201000,0.1,50.0

