NUMBER_OF_NODES,TASKS_PER_NODE,THREADS_PER_TASK,num_tasks,NUM_VPS,SCALE,PLASTIC,T_nrns,T_conns_min,T_conns_max,T_conns_sum,T_ini_min,T_ini_max,T_equ,T_sim,VSize_nodes_sum,VSize_mem_sum,VSize_ini_sum,VSize_sum,N_spks_sum,Rate_sum,N_nrns,N_conns_sum,d_min,d_max
1,36,1,36,36,15,true,0.08,17.4,17.7,630.3900000000003,11.7,12.0,5.51,92.11,14602320,86892624,116903808,116903808,1230117,7.286000000000002,168750,1898607250,1.5,1.5
1,12,3,12,36,15,true,0.14,31.06,34.83,388.45,24.88,28.74,7.98,123.58,3257520,76113072,87203424,87338592,1221828,7.252000000000001,168750,1898607250,1.5,1.5
1,6,6,6,36,15,true,0.25,41.26,47.09,257.38,34.54,40.27,8.59,133.04,1770168,77110968,79968048,79998768,1230117,7.286,168750,1898607250,1.5,1.5
1,4,9,4,36,15,true,0.36,43.63,44.29,175.60999999999999,45.66,46.32,8.67,133.49,1419104,75966304,78867080,78916232,1230117,7.286,168750,1898607250,1.5,1.5
1,2,18,2,36,15,true,0.74,57.58,59.37,116.94999999999999,71.1,72.91,8.78,136.52,1106600,74856104,75399432,75829512,1230117,7.286,168750,1898607250,1.5,1.5
1,1,36,1,36,15,true,1.46,73.43,73.43,73.43,77.09,77.09,13.69,204.81,935692,74298636,75085068,75478284,1230117,7.286,168750,1898607250,1.5,1.5

