NUMBER_OF_NODES,TASKS_PER_NODE,THREADS_PER_TASK,num_tasks,NUM_VPS,SCALE,PLASTIC,T_nrns,T_conns_min,T_conns_max,T_conns_sum,T_ini_min,T_ini_max,T_equ,T_sim,VSize_nodes_sum,VSize_mem_sum,VSize_ini_sum,VSize_sum,N_spks_sum,Rate_sum,N_nrns,N_conns_sum,d_min,d_max
1,6,6,6,36,44,true,0.69,54.76,60.66,338.28,47.87,53.77,34.69,465.62,2670264,105348792,107172448,107172448,6514820,12.942999999999998,499500,2498000500,1.5,1.5
2,6,6,12,72,88,true,0.74,53.54,61.84,673.78,49.59,57.87,35.85,480.16,5521696,210878752,234822028,234822028,12977051,12.943000000000001,999000,4996000000,1.5,1.5
4,6,6,24,144,177,true,0.75,55.32,62.86,1374.24,54.0,61.53,38.92,503.49,11046376,421760488,447764904,447764904,25942001,12.773000000000001,1998000,9991999000,1.5,1.5
8,6,6,48,288,355,true,0.65,53.19,63.7,2690.88,63.51,74.04,41.4,536.8,22096208,843524432,940193304,940193304,51837846,13.050999999999998,3996000,19983997000,1.5,1.5
16,6,6,96,576,710,true,0.73,52.76,67.08,5382.390000000001,87.74,102.08,46.75,597.75,44406120,1687262568,2086811384,2086811384,103597225,12.943000000000007,7992000,39967993000,1.5,1.5
32,6,6,192,1152,1420,true,0.74,52.4,66.11,10741.7,154.87,168.58,56.1,708.83,89659928,3375372824,4318055736,4318055736,206973406,12.959000000000003,15984000,79935985000,1.5,1.5

