NUMBER_OF_NODES,TASKS_PER_NODE,NUM_VPS,THREADS_PER_TASK,SCALE,NUM_VPS,num_tasks,T_network_local,T_network_global_min,T_network_global_max,T_network_global_sum,T_create_min,T_create_max,T_create_sum,T_connect_max,T_connect_min,T_connect_sum,T_ini_min,T_ini_max,T_sim,VSize_sum,VSize_ini_sum,VSize_net_sum,N_spks_sum,N_nrns,N_conns_sum
1,6,36,6,0.0625,36,6,371.1530714035034,64.67581295967102,66.79477715492249,391.37939286231995,309.6246645450592,315.3832137584686,1881.6165068149567,61.248749017715454,55.750433683395386,345.0982301235199,36.05057215690613,36.050923109054565,1105.3807690143585,98997256,98997256,96306064,60539406,258258,1508419407
2,6,72,6,0.125,72,12,365.06556010246277,105.24741315841675,108.42069005966187,1280.8329322338104,301.5857014656067,313.34870529174805,3691.890759706497,63.27978038787842,52.37335467338562,692.4258458614349,36.592973709106445,36.59334135055542,1393.6080694198608,197663680,197362624,192731856,121689362,516391,3016843251
4,6,144,6,0.25,144,24,378.6731743812561,187.22472715377808,195.2710497379303,4572.896239280701,310.04052686691284,320.7828297615051,7584.385170221329,66.62749195098877,57.42256689071655,1466.5837421417236,39.64793801307678,39.64889931678772,1688.3776993751526,412830504,411743016,385597768,242533311,1032643,6033690822
8,6,288,6,0.5,288,48,410.88628029823303,347.79745173454285,360.22231245040894,16938.288248300552,337.5917418003082,353.2779083251953,16642.647616147995,72.48649835586548,61.35884618759155,3155.5153782367706,43.56551122665405,43.566076040267944,2167.9444131851196,870229208,870229208,793153688,485965655,2065151,12067386057
16,6,576,6,1.0,576,96,414.0556755065918,662.5571045875549,686.1017060279846,64529.62169289589,329.02511954307556,361.83196091651917,32861.4488530159,81.41068506240845,68.32967042922974,7127.8728358745575,35.71809530258179,35.71917724609375,59.84110927581787,1680733432,1680733432,1617222776,5574566,4130180,24134776576
32,6,1152,6,2.0,1152,192,452.87573409080505,1346.8658142089844,1388.1861596107483,262040.39510536194,335.8485608100891,386.4999032020569,68010.15890240669,104.23731565475464,90.43208479881287,18669.088648080826,62.59033012390137,62.59213447570801,3354.054070711136,4093139000,4093139000,3551508280,1936676440,8260234,48269557645

