NUMBER_OF_NODES,TASKS_PER_NODE,THREADS_PER_TASK,SCALE,PLASTIC,RULE,NUM_VPS,num_tasks,T_nrns,T_conns_min,T_conns_max,T_conns_sum,T_ini_min,T_ini_max,VSize_nodes_sum,VSize_mem_sum,VSize_ini_sum,VSize_sum,N_nrns,N_conns_sum,d_min,d_max
1,6,6,5,false,,36,6,0.21,45.75,54.56,285.06,39.25,48.06,2461368,77196984,81184160,,500000,2500000000,1.5,1.5
2,6,6,10,false,,72,12,0.21,46.64,55.79,581.9499999999999,40.0,49.16,5386528,154513696,163864304,,1000000,5000000000,1.5,1.5
4,6,6,20,false,,144,24,0.26,47.91,58.08,1199.58,40.45,50.63,10776040,309030376,341619112,,2000000,10000000000,1.5,1.5
8,6,6,40,false,,288,48,0.36,50.44,59.86,2525.41,43.82,53.23,21555536,618064208,653358616,,4000000,20000000000,1.5,1.5
16,6,6,80,false,,576,96,0.59,54.71,64.2,5465.329999999999,54.46,63.95,43324776,1236342120,1476996856,,8000000,40000000000,1.5,1.5
32,6,6,160,false,,1152,192,1.18,66.78,81.03,13194.410000000005,95.9,110.14,87497240,2473531928,3022257464,,16000000,80000000000,1.5,1.5

